"health_officer_region","county","group_var_cat","group_var","group_pop","cumulative_infected","cumulative_severe","inf_rate_100k","sev_rate_100k","total_group_var_pop","total_ca_pop","geo_level"
"Bay Area",NA,"FEMALE","sex",4260819,414923,12942,9738,304,39109070,39109070,"region"
"Bay Area",NA,"MALE","sex",4131055,406737,11635,9846,282,39109070,39109070,"region"
"Central California",NA,"FEMALE","sex",2250797,399221,10394,17737,462,39109070,39109070,"region"
"Central California",NA,"MALE","sex",2181337,405296,9503,18580,436,39109070,39109070,"region"
"Greater Sierra Sacramento",NA,"FEMALE","sex",1527015,234574,7017,15362,460,39109070,39109070,"region"
"Greater Sierra Sacramento",NA,"MALE","sex",1446195,225816,6117,15614,423,39109070,39109070,"region"
"Los Angeles",NA,"FEMALE","sex",5049625,451545,13684,8942,271,39109070,39109070,"region"
"Los Angeles",NA,"MALE","sex",4776083,434611,11425,9100,239,39109070,39109070,"region"
"Rural North",NA,"FEMALE","sex",339436,36256,1284,10681,378,39109070,39109070,"region"
"Rural North",NA,"MALE","sex",344279,36640,1275,10643,370,39109070,39109070,"region"
"Southern California",NA,"FEMALE","sex",6503705,757647,22050,11649,339,39109070,39109070,"region"
"Southern California",NA,"MALE","sex",6298724,746317,19600,11849,311,39109070,39109070,"region"
"Bay Area",NA,"0-17","age_cat",1696702,53159,48,3133,3,39109070,39109070,"region"
"Bay Area",NA,"18-49","age_cat",3656854,430075,5234,11761,143,39109070,39109070,"region"
"Bay Area",NA,"50-64","age_cat",1588123,100985,474,6359,30,39109070,39109070,"region"
"Bay Area",NA,"65+","age_cat",1450195,237441,18821,16373,1298,39109070,39109070,"region"
"Central California",NA,"0-17","age_cat",1246767,77110,75,6185,6,39109070,39109070,"region"
"Central California",NA,"18-49","age_cat",1930361,462265,5377,23947,279,39109070,39109070,"region"
"Central California",NA,"50-64","age_cat",689826,88043,462,12763,67,39109070,39109070,"region"
"Central California",NA,"65+","age_cat",565180,177099,13983,31335,2474,39109070,39109070,"region"
"Greater Sierra Sacramento",NA,"0-17","age_cat",673877,34371,38,5100,6,39109070,39109070,"region"
"Greater Sierra Sacramento",NA,"18-49","age_cat",1260069,247961,2845,19678,226,39109070,39109070,"region"
"Greater Sierra Sacramento",NA,"50-64","age_cat",528617,53535,268,10127,51,39109070,39109070,"region"
"Greater Sierra Sacramento",NA,"65+","age_cat",510647,124523,9983,24385,1955,39109070,39109070,"region"
"Los Angeles",NA,"0-17","age_cat",1975596,60176,61,3046,3,39109070,39109070,"region"
"Los Angeles",NA,"18-49","age_cat",4425500,479251,5632,10829,127,39109070,39109070,"region"
"Los Angeles",NA,"50-64","age_cat",1865653,110536,575,5925,31,39109070,39109070,"region"
"Los Angeles",NA,"65+","age_cat",1558959,236193,18841,15151,1209,39109070,39109070,"region"
"Rural North",NA,"0-17","age_cat",151044,4997,4,3308,3,39109070,39109070,"region"
"Rural North",NA,"18-49","age_cat",267490,34858,471,13032,176,39109070,39109070,"region"
"Rural North",NA,"50-64","age_cat",119019,8021,42,6739,35,39109070,39109070,"region"
"Rural North",NA,"65+","age_cat",146162,25020,2042,17118,1397,39109070,39109070,"region"
"Southern California",NA,"0-17","age_cat",2950125,123397,137,4183,5,39109070,39109070,"region"
"Southern California",NA,"18-49","age_cat",5566231,812874,9766,14604,175,39109070,39109070,"region"
"Southern California",NA,"50-64","age_cat",2295559,179361,1001,7813,44,39109070,39109070,"region"
"Southern California",NA,"65+","age_cat",1990514,388332,30746,19509,1545,39109070,39109070,"region"
"Bay Area",NA,"AIAN NH","race_short",22205,2612,72,11763,324,39109070,39109070,"region"
"Bay Area",NA,"Asian NH","race_short",2293740,177073,5373,7720,234,39109070,39109070,"region"
"Bay Area",NA,"Black NH","race_short",460712,51846,1481,11253,321,39109070,39109070,"region"
"Bay Area",NA,"Hispanic","race_short",2001722,209872,4242,10485,212,39109070,39109070,"region"
"Bay Area",NA,"MR NH","race_short",422322,27399,498,6488,118,39109070,39109070,"region"
"Bay Area",NA,"NHPI NH","race_short",51902,4729,121,9111,233,39109070,39109070,"region"
"Bay Area",NA,"White NH","race_short",3139271,348129,12790,11089,407,39109070,39109070,"region"
"Central California",NA,"AIAN NH","race_short",25249,5286,172,20935,681,39109070,39109070,"region"
"Central California",NA,"Asian NH","race_short",358133,54638,1503,15256,420,39109070,39109070,"region"
"Central California",NA,"Black NH","race_short",183935,36788,860,20001,468,39109070,39109070,"region"
"Central California",NA,"Hispanic","race_short",2482315,395830,7182,15946,289,39109070,39109070,"region"
"Central California",NA,"MR NH","race_short",134681,17062,316,12668,235,39109070,39109070,"region"
"Central California",NA,"NHPI NH","race_short",13524,2158,53,15957,392,39109070,39109070,"region"
"Central California",NA,"White NH","race_short",1234297,292755,9811,23718,795,39109070,39109070,"region"
"Greater Sierra Sacramento",NA,"AIAN NH","race_short",18313,3278,105,17900,573,39109070,39109070,"region"
"Greater Sierra Sacramento",NA,"Asian NH","race_short",394597,56041,1424,14202,361,39109070,39109070,"region"
"Greater Sierra Sacramento",NA,"Black NH","race_short",167005,32921,808,19713,484,39109070,39109070,"region"
"Greater Sierra Sacramento",NA,"Hispanic","race_short",737341,99190,1940,13452,263,39109070,39109070,"region"
"Greater Sierra Sacramento",NA,"MR NH","race_short",177015,17849,295,10083,167,39109070,39109070,"region"
"Greater Sierra Sacramento",NA,"NHPI NH","race_short",23867,3447,87,14443,365,39109070,39109070,"region"
"Greater Sierra Sacramento",NA,"White NH","race_short",1455072,247664,8475,17021,582,39109070,39109070,"region"
"Los Angeles",NA,"AIAN NH","race_short",21809,1745,64,8001,293,39109070,39109070,"region"
"Los Angeles",NA,"Asian NH","race_short",1637181,121970,4176,7450,255,39109070,39109070,"region"
"Los Angeles",NA,"Black NH","race_short",840522,72283,2136,8600,254,39109070,39109070,"region"
"Los Angeles",NA,"Hispanic","race_short",4089110,429165,9482,10495,232,39109070,39109070,"region"
"Los Angeles",NA,"MR NH","race_short",333522,17181,352,5151,106,39109070,39109070,"region"
"Los Angeles",NA,"NHPI NH","race_short",24396,2090,53,8567,217,39109070,39109070,"region"
"Los Angeles",NA,"White NH","race_short",2879168,241722,8846,8396,307,39109070,39109070,"region"
"Rural North",NA,"AIAN NH","race_short",22978,2337,66,10171,287,39109070,39109070,"region"
"Rural North",NA,"Asian NH","race_short",18143,1313,49,7237,270,39109070,39109070,"region"
"Rural North",NA,"Black NH","race_short",10022,1015,20,10128,200,39109070,39109070,"region"
"Rural North",NA,"Hispanic","race_short",158743,11936,249,7519,157,39109070,39109070,"region"
"Rural North",NA,"MR NH","race_short",42273,2377,61,5623,144,39109070,39109070,"region"
"Rural North",NA,"NHPI NH","race_short",1570,112,1,7134,64,39109070,39109070,"region"
"Rural North",NA,"White NH","race_short",429986,53806,2113,12513,491,39109070,39109070,"region"
"Southern California",NA,"AIAN NH","race_short",48118,6937,192,14417,399,39109070,39109070,"region"
"Southern California",NA,"Asian NH","race_short",1593626,135735,4043,8517,254,39109070,39109070,"region"
"Southern California",NA,"Black NH","race_short",549322,76983,1813,14014,330,39109070,39109070,"region"
"Southern California",NA,"Hispanic","race_short",5360715,650703,13389,12138,250,39109070,39109070,"region"
"Southern California",NA,"MR NH","race_short",501690,34523,705,6881,141,39109070,39109070,"region"
"Southern California",NA,"NHPI NH","race_short",38470,4385,95,11398,247,39109070,39109070,"region"
"Southern California",NA,"White NH","race_short",4710488,594698,21413,12625,455,39109070,39109070,"region"
"Bay Area","Alameda","FEMALE","sex",23781212,76103,2195,320,9,1095053960,39109070,"county"
"Bay Area","Alameda","MALE","sex",22587824,72938,1946,323,9,1095053960,39109070,"county"
"Bay Area","Contra Costa","FEMALE","sex",16546208,52735,1714,319,10,1095053960,39109070,"county"
"Bay Area","Contra Costa","MALE","sex",15556800,50307,1481,323,10,1095053960,39109070,"county"
"Bay Area","Marin","FEMALE","sex",3670744,12264,491,334,13,1095053960,39109070,"county"
"Bay Area","Marin","MALE","sex",3462088,12054,435,348,13,1095053960,39109070,"county"
"Bay Area","Monterey","FEMALE","sex",6242992,21514,678,345,11,1095053960,39109070,"county"
"Bay Area","Monterey","MALE","sex",5978336,22622,629,378,11,1095053960,39109070,"county"
"Bay Area","Napa","FEMALE","sex",1952328,6328,208,324,11,1095053960,39109070,"county"
"Bay Area","Napa","MALE","sex",1813224,6345,194,350,11,1095053960,39109070,"county"
"Bay Area","San Benito","FEMALE","sex",921004,2646,86,287,9,1095053960,39109070,"county"
"Bay Area","San Benito","MALE","sex",901292,2645,74,293,8,1095053960,39109070,"county"
"Bay Area","San Francisco","FEMALE","sex",11790856,42799,1276,363,11,1095053960,39109070,"county"
"Bay Area","San Francisco","MALE","sex",11953676,42317,1103,354,9,1095053960,39109070,"county"
"Bay Area","San Mateo","FEMALE","sex",10664416,34833,1143,327,11,1095053960,39109070,"county"
"Bay Area","San Mateo","MALE","sex",10309684,33153,1009,322,10,1095053960,39109070,"county"
"Bay Area","Santa Clara","FEMALE","sex",26715276,86138,2580,322,10,1095053960,39109070,"county"
"Bay Area","Santa Clara","MALE","sex",26813696,86936,2403,324,9,1095053960,39109070,"county"
"Bay Area","Santa Cruz","FEMALE","sex",3720192,13177,406,354,11,1095053960,39109070,"county"
"Bay Area","Santa Cruz","MALE","sex",3646636,13156,435,361,12,1095053960,39109070,"county"
"Bay Area","Solano","FEMALE","sex",6372436,42584,1292,668,20,1095053960,39109070,"county"
"Bay Area","Solano","MALE","sex",6136424,41744,1185,680,19,1095053960,39109070,"county"
"Bay Area","Sonoma","FEMALE","sex",6925268,23802,873,344,13,1095053960,39109070,"county"
"Bay Area","Sonoma","MALE","sex",6509860,22520,741,346,11,1095053960,39109070,"county"
"Central California","Calaveras","FEMALE","sex",627368,2396,100,382,16,1095053960,39109070,"county"
"Central California","Calaveras","MALE","sex",621572,2280,100,367,16,1095053960,39109070,"county"
"Central California","Fresno","FEMALE","sex",14466144,43119,1157,298,8,1095053960,39109070,"county"
"Central California","Fresno","MALE","sex",13881728,42840,1060,309,8,1095053960,39109070,"county"
"Central California","Kern","FEMALE","sex",12924828,106431,2614,823,20,1095053960,39109070,"county"
"Central California","Kern","MALE","sex",12369588,112123,2414,906,20,1095053960,39109070,"county"
"Central California","Kings","FEMALE","sex",1915872,15532,395,811,21,1095053960,39109070,"county"
"Central California","Kings","MALE","sex",2351468,19283,408,820,17,1095053960,39109070,"county"
"Central California","Madera","FEMALE","sex",2244424,8797,238,392,11,1095053960,39109070,"county"
"Central California","Madera","MALE","sex",2192372,8146,210,372,10,1095053960,39109070,"county"
"Central California","Mariposa","FEMALE","sex",235704,911,36,387,15,1095053960,39109070,"county"
"Central California","Mariposa","MALE","sex",236376,989,41,418,17,1095053960,39109070,"county"
"Central California","Merced","FEMALE","sex",4037908,32051,790,794,20,1095053960,39109070,"county"
"Central California","Merced","MALE","sex",3958892,32540,746,822,19,1095053960,39109070,"county"
"Central California","San Joaquin","FEMALE","sex",11178328,75896,2008,679,18,1095053960,39109070,"county"
"Central California","San Joaquin","MALE","sex",10788456,74365,1827,689,17,1095053960,39109070,"county"
"Central California","Stanislaus","FEMALE","sex",7840084,55046,1569,702,20,1095053960,39109070,"county"
"Central California","Stanislaus","MALE","sex",7439628,53826,1313,724,18,1095053960,39109070,"county"
"Central California","Tulare","FEMALE","sex",6818700,56406,1383,827,20,1095053960,39109070,"county"
"Central California","Tulare","MALE","sex",6475476,56093,1281,866,20,1095053960,39109070,"county"
"Central California","Tuolumne","FEMALE","sex",732956,2636,104,360,14,1095053960,39109070,"county"
"Central California","Tuolumne","MALE","sex",761880,2811,103,369,14,1095053960,39109070,"county"
"Greater Sierra Sacramento","Alpine","FEMALE","sex",15344,63,1,411,7,1095053960,39109070,"county"
"Greater Sierra Sacramento","Alpine","MALE","sex",17276,65,3,376,17,1095053960,39109070,"county"
"Greater Sierra Sacramento","Amador","FEMALE","sex",530516,1646,69,310,13,1095053960,39109070,"county"
"Greater Sierra Sacramento","Amador","MALE","sex",592900,1885,71,318,12,1095053960,39109070,"county"
"Greater Sierra Sacramento","Butte","FEMALE","sex",2984408,10407,355,349,12,1095053960,39109070,"county"
"Greater Sierra Sacramento","Butte","MALE","sex",2779672,10434,329,375,12,1095053960,39109070,"county"
"Greater Sierra Sacramento","Colusa","FEMALE","sex",305816,2284,67,747,22,1095053960,39109070,"county"
"Greater Sierra Sacramento","Colusa","MALE","sex",307524,2343,68,762,22,1095053960,39109070,"county"
"Greater Sierra Sacramento","El Dorado","FEMALE","sex",2667168,9399,361,352,14,1095053960,39109070,"county"
"Greater Sierra Sacramento","El Dorado","MALE","sex",2576812,9519,345,369,13,1095053960,39109070,"county"
"Greater Sierra Sacramento","Nevada","FEMALE","sex",1430940,4988,217,349,15,1095053960,39109070,"county"
"Greater Sierra Sacramento","Nevada","MALE","sex",1380260,4888,182,354,13,1095053960,39109070,"county"
"Greater Sierra Sacramento","Placer","FEMALE","sex",5933508,18724,625,316,11,1095053960,39109070,"county"
"Greater Sierra Sacramento","Placer","MALE","sex",5566260,17955,548,323,10,1095053960,39109070,"county"
"Greater Sierra Sacramento","Plumas","FEMALE","sex",260932,1256,46,481,18,1095053960,39109070,"county"
"Greater Sierra Sacramento","Plumas","MALE","sex",269808,1162,49,431,18,1095053960,39109070,"county"
"Greater Sierra Sacramento","Sacramento","FEMALE","sex",22832040,157146,4500,688,20,1095053960,39109070,"county"
"Greater Sierra Sacramento","Sacramento","MALE","sex",21459228,150142,3823,700,18,1095053960,39109070,"county"
"Greater Sierra Sacramento","Sierra","FEMALE","sex",43120,206,10,478,23,1095053960,39109070,"county"
"Greater Sierra Sacramento","Sierra","MALE","sex",45136,198,11,439,24,1095053960,39109070,"county"
"Greater Sierra Sacramento","Sutter","FEMALE","sex",1379420,9460,267,686,19,1095053960,39109070,"county"
"Greater Sierra Sacramento","Sutter","MALE","sex",1368808,9334,252,682,18,1095053960,39109070,"county"
"Greater Sierra Sacramento","Yolo","FEMALE","sex",3194072,11732,307,367,10,1095053960,39109070,"county"
"Greater Sierra Sacramento","Yolo","MALE","sex",2976596,10738,260,361,9,1095053960,39109070,"county"
"Greater Sierra Sacramento","Yuba","FEMALE","sex",1179136,7263,192,616,16,1095053960,39109070,"county"
"Greater Sierra Sacramento","Yuba","MALE","sex",1153180,7153,176,620,15,1095053960,39109070,"county"
"Los Angeles","Los Angeles","FEMALE","sex",141389500,451545,13684,319,10,1095053960,39109070,"county"
"Los Angeles","Los Angeles","MALE","sex",133730324,434611,11425,325,9,1095053960,39109070,"county"
"Rural North","Del Norte","FEMALE","sex",362516,1240,36,342,10,1095053960,39109070,"county"
"Rural North","Del Norte","MALE","sex",376180,1492,45,397,12,1095053960,39109070,"county"
"Rural North","Glenn","FEMALE","sex",399784,1260,38,315,10,1095053960,39109070,"county"
"Rural North","Glenn","MALE","sex",385308,1278,45,332,12,1095053960,39109070,"county"
"Rural North","Humboldt","FEMALE","sex",1902348,6384,211,336,11,1095053960,39109070,"county"
"Rural North","Humboldt","MALE","sex",1860516,6401,210,344,11,1095053960,39109070,"county"
"Rural North","Lake","FEMALE","sex",918596,3492,129,380,14,1095053960,39109070,"county"
"Rural North","Lake","MALE","sex",941892,3431,134,364,14,1095053960,39109070,"county"
"Rural North","Lassen","FEMALE","sex",279636,1073,43,384,15,1095053960,39109070,"county"
"Rural North","Lassen","MALE","sex",510860,1902,59,372,12,1095053960,39109070,"county"
"Rural North","Mendocino","FEMALE","sex",1259076,4624,163,367,13,1095053960,39109070,"county"
"Rural North","Mendocino","MALE","sex",1241772,4464,176,359,14,1095053960,39109070,"county"
"Rural North","Modoc","FEMALE","sex",116312,495,18,426,15,1095053960,39109070,"county"
"Rural North","Modoc","MALE","sex",120176,516,18,429,15,1095053960,39109070,"county"
"Rural North","Shasta","FEMALE","sex",2547160,8240,308,323,12,1095053960,39109070,"county"
"Rural North","Shasta","MALE","sex",2463664,7974,278,324,11,1095053960,39109070,"county"
"Rural North","Siskiyou","FEMALE","sex",609840,2437,102,400,17,1095053960,39109070,"county"
"Rural North","Siskiyou","MALE","sex",593068,2305,87,389,15,1095053960,39109070,"county"
"Rural North","Tehama","FEMALE","sex",911652,6395,211,701,23,1095053960,39109070,"county"
"Rural North","Tehama","MALE","sex",899304,6250,196,695,22,1095053960,39109070,"county"
"Rural North","Trinity","FEMALE","sex",197288,616,25,312,13,1095053960,39109070,"county"
"Rural North","Trinity","MALE","sex",247072,627,27,254,11,1095053960,39109070,"county"
"Southern California","Imperial","FEMALE","sex",2609908,38987,1050,1494,40,1095053960,39109070,"county"
"Southern California","Imperial","MALE","sex",2419984,39636,909,1638,38,1095053960,39109070,"county"
"Southern California","Inyo","FEMALE","sex",256956,2468,91,960,35,1095053960,39109070,"county"
"Southern California","Inyo","MALE","sex",267512,2569,116,960,43,1095053960,39109070,"county"
"Southern California","Mono","FEMALE","sex",175224,613,18,350,10,1095053960,39109070,"county"
"Southern California","Mono","MALE","sex",196420,631,23,321,12,1095053960,39109070,"county"
"Southern California","Orange","FEMALE","sex",45034892,140731,4305,312,10,1095053960,39109070,"county"
"Southern California","Orange","MALE","sex",42948864,136783,3805,318,9,1095053960,39109070,"county"
"Southern California","Riverside","FEMALE","sex",34736380,109613,3392,316,10,1095053960,39109070,"county"
"Southern California","Riverside","MALE","sex",33338732,106996,2999,321,9,1095053960,39109070,"county"
"Southern California","San Bernardino","FEMALE","sex",30846844,246669,6389,800,21,1095053960,39109070,"county"
"Southern California","San Bernardino","MALE","sex",29929760,241188,5655,806,19,1095053960,39109070,"county"
"Southern California","San Diego","FEMALE","sex",46263756,143649,4307,311,9,1095053960,39109070,"county"
"Southern California","San Diego","MALE","sex",46076324,143607,3941,312,9,1095053960,39109070,"county"
"Southern California","San Luis Obispo","FEMALE","sex",4049360,17322,707,428,17,1095053960,39109070,"county"
"Southern California","San Luis Obispo","MALE","sex",3797668,17972,543,473,14,1095053960,39109070,"county"
"Southern California","Santa Barbara","FEMALE","sex",6281268,19961,606,318,10,1095053960,39109070,"county"
"Southern California","Santa Barbara","MALE","sex",6111924,20189,547,330,9,1095053960,39109070,"county"
"Southern California","Ventura","FEMALE","sex",11849152,37634,1185,318,10,1095053960,39109070,"county"
"Southern California","Ventura","MALE","sex",11277084,36746,1062,326,9,1095053960,39109070,"county"
"Bay Area","Alameda","0-17","age_cat",4668664,9538,10,204,0,547526980,39109070,"county"
"Bay Area","Alameda","18-49","age_cat",10549994,82655,998,783,9,547526980,39109070,"county"
"Bay Area","Alameda","50-64","age_cat",4336332,17763,76,410,2,547526980,39109070,"county"
"Bay Area","Alameda","65+","age_cat",3629528,39085,3057,1077,84,547526980,39109070,"county"
"Bay Area","Contra Costa","0-17","age_cat",3553676,6885,11,194,0,547526980,39109070,"county"
"Bay Area","Contra Costa","18-49","age_cat",6392736,51467,636,805,10,547526980,39109070,"county"
"Bay Area","Contra Costa","50-64","age_cat",3186708,13376,65,420,2,547526980,39109070,"county"
"Bay Area","Contra Costa","65+","age_cat",2918384,31314,2483,1073,85,547526980,39109070,"county"
"Bay Area","Marin","0-17","age_cat",680904,1327,1,195,0,547526980,39109070,"county"
"Bay Area","Marin","18-49","age_cat",1179570,10014,118,849,10,547526980,39109070,"county"
"Bay Area","Marin","50-64","age_cat",808976,3349,13,414,2,547526980,39109070,"county"
"Bay Area","Marin","65+","age_cat",896966,9628,794,1073,89,547526980,39109070,"county"
"Bay Area","Monterey","0-17","age_cat",1595006,3701,1,232,0,547526980,39109070,"county"
"Bay Area","Monterey","18-49","age_cat",2617230,24226,321,926,12,547526980,39109070,"county"
"Bay Area","Monterey","50-64","age_cat",989758,4800,37,485,4,547526980,39109070,"county"
"Bay Area","Monterey","65+","age_cat",908670,11409,948,1256,104,547526980,39109070,"county"
"Bay Area","Napa","0-17","age_cat",359324,695,1,193,0,547526980,39109070,"county"
"Bay Area","Napa","18-49","age_cat",731570,6345,79,867,11,547526980,39109070,"county"
"Bay Area","Napa","50-64","age_cat",364574,1522,9,417,2,547526980,39109070,"county"
"Bay Area","Napa","65+","age_cat",427308,4111,313,962,73,547526980,39109070,"county"
"Bay Area","San Benito","0-17","age_cat",233198,372,0,160,0,547526980,39109070,"county"
"Bay Area","San Benito","18-49","age_cat",391832,2934,31,749,8,547526980,39109070,"county"
"Bay Area","San Benito","50-64","age_cat",163618,651,2,398,1,547526980,39109070,"county"
"Bay Area","San Benito","65+","age_cat",122500,1334,127,1089,104,547526980,39109070,"county"
"Bay Area","San Francisco","0-17","age_cat",1687910,4137,3,245,0,547526980,39109070,"county"
"Bay Area","San Francisco","18-49","age_cat",5947732,48250,556,811,9,547526980,39109070,"county"
"Bay Area","San Francisco","50-64","age_cat",2169888,9578,47,441,2,547526980,39109070,"county"
"Bay Area","San Francisco","65+","age_cat",2066736,23151,1773,1120,86,547526980,39109070,"county"
"Bay Area","San Mateo","0-17","age_cat",2078538,4277,4,206,0,547526980,39109070,"county"
"Bay Area","San Mateo","18-49","age_cat",4375784,33292,374,761,9,547526980,39109070,"county"
"Bay Area","San Mateo","50-64","age_cat",2044518,9065,34,443,2,547526980,39109070,"county"
"Bay Area","San Mateo","65+","age_cat",1988210,21352,1740,1074,88,547526980,39109070,"county"
"Bay Area","Santa Clara","0-17","age_cat",5496344,11735,11,214,0,547526980,39109070,"county"
"Bay Area","Santa Clara","18-49","age_cat",12106332,92927,1138,768,9,547526980,39109070,"county"
"Bay Area","Santa Clara","50-64","age_cat",5054798,21925,110,434,2,547526980,39109070,"county"
"Bay Area","Santa Clara","65+","age_cat",4107012,46487,3724,1132,91,547526980,39109070,"county"
"Bay Area","Santa Cruz","0-17","age_cat",692874,1703,2,246,0,547526980,39109070,"county"
"Bay Area","Santa Cruz","18-49","age_cat",1638630,13315,170,813,10,547526980,39109070,"county"
"Bay Area","Santa Cruz","50-64","age_cat",668458,3111,18,465,3,547526980,39109070,"county"
"Bay Area","Santa Cruz","65+","age_cat",683452,8204,651,1200,95,547526980,39109070,"county"
"Bay Area","Solano","0-17","age_cat",1406678,6324,2,450,0,547526980,39109070,"county"
"Bay Area","Solano","18-49","age_cat",2598554,43241,547,1664,21,547526980,39109070,"county"
"Bay Area","Solano","50-64","age_cat",1141966,10166,38,890,3,547526980,39109070,"county"
"Bay Area","Solano","65+","age_cat",1107232,24597,1890,2221,171,547526980,39109070,"county"
"Bay Area","Sonoma","0-17","age_cat",1300712,2465,2,190,0,547526980,39109070,"county"
"Bay Area","Sonoma","18-49","age_cat",2665992,21409,266,803,10,547526980,39109070,"county"
"Bay Area","Sonoma","50-64","age_cat",1304128,5679,25,435,2,547526980,39109070,"county"
"Bay Area","Sonoma","65+","age_cat",1446732,16769,1321,1159,91,547526980,39109070,"county"
"Central California","Calaveras","0-17","age_cat",110166,206,0,187,0,547526980,39109070,"county"
"Central California","Calaveras","18-49","age_cat",196196,1626,22,829,11,547526980,39109070,"county"
"Central California","Calaveras","50-64","age_cat",128044,570,1,445,1,547526980,39109070,"county"
"Central California","Calaveras","65+","age_cat",190064,2274,177,1196,93,547526980,39109070,"county"
"Central California","Fresno","0-17","age_cat",4040456,7889,6,195,0,547526980,39109070,"county"
"Central California","Fresno","18-49","age_cat",6230448,49546,562,795,9,547526980,39109070,"county"
"Central California","Fresno","50-64","age_cat",2146914,8764,41,408,2,547526980,39109070,"county"
"Central California","Fresno","65+","age_cat",1756118,19760,1608,1125,92,547526980,39109070,"county"
"Central California","Kern","0-17","age_cat",3711162,21551,12,581,0,547526980,39109070,"county"
"Central California","Kern","18-49","age_cat",5614406,130136,1465,2318,26,547526980,39109070,"county"
"Central California","Kern","50-64","age_cat",1886836,23229,110,1231,6,547526980,39109070,"county"
"Central California","Kern","65+","age_cat",1434804,43638,3441,3041,240,547526980,39109070,"county"
"Central California","Kings","0-17","age_cat",609252,3926,4,644,1,547526980,39109070,"county"
"Central California","Kings","18-49","age_cat",1018948,21403,249,2100,24,547526980,39109070,"county"
"Central California","Kings","50-64","age_cat",298088,2963,18,994,6,547526980,39109070,"county"
"Central California","Kings","65+","age_cat",207382,6523,532,3145,257,547526980,39109070,"county"
"Central California","Madera","0-17","age_cat",612290,1394,2,228,0,547526980,39109070,"county"
"Central California","Madera","18-49","age_cat",936642,9607,120,1026,13,547526980,39109070,"county"
"Central California","Madera","50-64","age_cat",350476,1707,12,487,3,547526980,39109070,"county"
"Central California","Madera","65+","age_cat",318990,4235,314,1328,98,547526980,39109070,"county"
"Central California","Mariposa","0-17","age_cat",42658,79,0,185,0,547526980,39109070,"county"
"Central California","Mariposa","18-49","age_cat",74284,675,9,909,12,547526980,39109070,"county"
"Central California","Mariposa","50-64","age_cat",45164,237,2,525,4,547526980,39109070,"county"
"Central California","Mariposa","65+","age_cat",73934,909,66,1229,89,547526980,39109070,"county"
"Central California","Merced","0-17","age_cat",1161328,6546,9,564,1,547526980,39109070,"county"
"Central California","Merced","18-49","age_cat",1781444,38199,474,2144,27,547526980,39109070,"county"
"Central California","Merced","50-64","age_cat",601734,6907,32,1148,5,547526980,39109070,"county"
"Central California","Merced","65+","age_cat",453894,12939,1021,2851,225,547526980,39109070,"county"
"Central California","San Joaquin","0-17","age_cat",2942576,13425,16,456,1,547526980,39109070,"county"
"Central California","San Joaquin","18-49","age_cat",4737866,83171,1003,1755,21,547526980,39109070,"county"
"Central California","San Joaquin","50-64","age_cat",1831424,18484,109,1009,6,547526980,39109070,"county"
"Central California","San Joaquin","65+","age_cat",1471526,35181,2707,2391,184,547526980,39109070,"county"
"Central California","Stanislaus","0-17","age_cat",2077992,9816,14,472,1,547526980,39109070,"county"
"Central California","Stanislaus","18-49","age_cat",3282398,61101,709,1861,22,547526980,39109070,"county"
"Central California","Stanislaus","50-64","age_cat",1249052,12416,74,994,6,547526980,39109070,"county"
"Central California","Stanislaus","65+","age_cat",1030414,25539,2085,2479,202,547526980,39109070,"county"
"Central California","Tulare","0-17","age_cat",2012164,11995,11,596,1,547526980,39109070,"county"
"Central California","Tulare","18-49","age_cat",2887122,64618,740,2238,26,547526980,39109070,"county"
"Central California","Tulare","50-64","age_cat",986622,12195,61,1236,6,547526980,39109070,"county"
"Central California","Tulare","65+","age_cat",761180,23691,1852,3112,243,547526980,39109070,"county"
"Central California","Tuolumne","0-17","age_cat",134694,283,1,210,1,547526980,39109070,"county"
"Central California","Tuolumne","18-49","age_cat",265300,2183,24,823,9,547526980,39109070,"county"
"Central California","Tuolumne","50-64","age_cat",133210,571,2,429,2,547526980,39109070,"county"
"Central California","Tuolumne","65+","age_cat",214214,2410,180,1125,84,547526980,39109070,"county"
"Greater Sierra Sacramento","Alpine","0-17","age_cat",2548,9,0,353,0,547526980,39109070,"county"
"Greater Sierra Sacramento","Alpine","18-49","age_cat",5362,48,0,895,0,547526980,39109070,"county"
"Greater Sierra Sacramento","Alpine","50-64","age_cat",3556,11,0,309,0,547526980,39109070,"county"
"Greater Sierra Sacramento","Alpine","65+","age_cat",4844,60,4,1239,83,547526980,39109070,"county"
"Greater Sierra Sacramento","Amador","0-17","age_cat",91336,145,0,159,0,547526980,39109070,"county"
"Greater Sierra Sacramento","Amador","18-49","age_cat",195776,1432,16,731,8,547526980,39109070,"county"
"Greater Sierra Sacramento","Amador","50-64","age_cat",112994,400,1,354,1,547526980,39109070,"county"
"Greater Sierra Sacramento","Amador","65+","age_cat",161602,1554,123,962,76,547526980,39109070,"county"
"Greater Sierra Sacramento","Butte","0-17","age_cat",583226,1310,2,225,0,547526980,39109070,"county"
"Greater Sierra Sacramento","Butte","18-49","age_cat",1361696,11540,120,847,9,547526980,39109070,"county"
"Greater Sierra Sacramento","Butte","50-64","age_cat",481250,1865,7,388,1,547526980,39109070,"county"
"Greater Sierra Sacramento","Butte","65+","age_cat",455868,6126,555,1344,122,547526980,39109070,"county"
"Greater Sierra Sacramento","Colusa","0-17","age_cat",81886,427,1,521,1,547526980,39109070,"county"
"Greater Sierra Sacramento","Colusa","18-49","age_cat",126924,2439,28,1922,22,547526980,39109070,"county"
"Greater Sierra Sacramento","Colusa","50-64","age_cat",51184,537,1,1049,2,547526980,39109070,"county"
"Greater Sierra Sacramento","Colusa","65+","age_cat",46676,1224,105,2622,225,547526980,39109070,"county"
"Greater Sierra Sacramento","El Dorado","0-17","age_cat",531664,1057,3,199,1,547526980,39109070,"county"
"Greater Sierra Sacramento","El Dorado","18-49","age_cat",889322,8447,95,950,11,547526980,39109070,"county"
"Greater Sierra Sacramento","El Dorado","50-64","age_cat",551096,2289,10,415,2,547526980,39109070,"county"
"Greater Sierra Sacramento","El Dorado","65+","age_cat",649908,7125,598,1096,92,547526980,39109070,"county"
"Greater Sierra Sacramento","Nevada","0-17","age_cat",245602,459,0,187,0,547526980,39109070,"county"
"Greater Sierra Sacramento","Nevada","18-49","age_cat",460824,4025,48,873,10,547526980,39109070,"county"
"Greater Sierra Sacramento","Nevada","50-64","age_cat",271866,1118,11,411,4,547526980,39109070,"county"
"Greater Sierra Sacramento","Nevada","65+","age_cat",427308,4274,340,1000,80,547526980,39109070,"county"
"Greater Sierra Sacramento","Placer","0-17","age_cat",1275750,2052,1,161,0,547526980,39109070,"county"
"Greater Sierra Sacramento","Placer","18-49","age_cat",2191938,17862,195,815,9,547526980,39109070,"county"
"Greater Sierra Sacramento","Placer","50-64","age_cat",1093008,4154,22,380,2,547526980,39109070,"county"
"Greater Sierra Sacramento","Placer","65+","age_cat",1189188,12611,955,1060,80,547526980,39109070,"county"
"Greater Sierra Sacramento","Plumas","0-17","age_cat",48510,121,0,249,0,547526980,39109070,"county"
"Greater Sierra Sacramento","Plumas","18-49","age_cat",80122,907,7,1132,9,547526980,39109070,"county"
"Greater Sierra Sacramento","Plumas","50-64","age_cat",49266,245,2,497,4,547526980,39109070,"county"
"Greater Sierra Sacramento","Plumas","65+","age_cat",87472,1145,86,1309,98,547526980,39109070,"county"
"Greater Sierra Sacramento","Sacramento","0-17","age_cat",5244050,24279,27,463,1,547526980,39109070,"county"
"Greater Sierra Sacramento","Sacramento","18-49","age_cat",9657130,169219,1987,1752,21,547526980,39109070,"county"
"Greater Sierra Sacramento","Sacramento","50-64","age_cat",3901100,36839,179,944,5,547526980,39109070,"county"
"Greater Sierra Sacramento","Sacramento","65+","age_cat",3343354,76951,6130,2302,183,547526980,39109070,"county"
"Greater Sierra Sacramento","Sierra","0-17","age_cat",7616,19,0,249,0,547526980,39109070,"county"
"Greater Sierra Sacramento","Sierra","18-49","age_cat",12628,135,0,1069,0,547526980,39109070,"county"
"Greater Sierra Sacramento","Sierra","50-64","age_cat",9254,45,0,486,0,547526980,39109070,"county"
"Greater Sierra Sacramento","Sierra","65+","age_cat",14630,205,21,1401,144,547526980,39109070,"county"
"Greater Sierra Sacramento","Sutter","0-17","age_cat",350882,1501,1,428,0,547526980,39109070,"county"
"Greater Sierra Sacramento","Sutter","18-49","age_cat",575932,10206,121,1772,21,547526980,39109070,"county"
"Greater Sierra Sacramento","Sutter","50-64","age_cat",230888,2262,11,980,5,547526980,39109070,"county"
"Greater Sierra Sacramento","Sutter","65+","age_cat",216412,4825,386,2230,178,547526980,39109070,"county"
"Greater Sierra Sacramento","Yolo","0-17","age_cat",635880,1622,1,255,0,547526980,39109070,"county"
"Greater Sierra Sacramento","Yolo","18-49","age_cat",1573992,13630,140,866,9,547526980,39109070,"county"
"Greater Sierra Sacramento","Yolo","50-64","age_cat",472360,2105,14,446,3,547526980,39109070,"county"
"Greater Sierra Sacramento","Yolo","65+","age_cat",403102,5113,412,1268,102,547526980,39109070,"county"
"Greater Sierra Sacramento","Yuba","0-17","age_cat",335328,1370,2,409,1,547526980,39109070,"county"
"Greater Sierra Sacramento","Yuba","18-49","age_cat",509320,8071,88,1585,17,547526980,39109070,"county"
"Greater Sierra Sacramento","Yuba","50-64","age_cat",172816,1665,10,963,6,547526980,39109070,"county"
"Greater Sierra Sacramento","Yuba","65+","age_cat",148694,3310,268,2226,180,547526980,39109070,"county"
"Los Angeles","Los Angeles","0-17","age_cat",27658344,60176,61,218,0,547526980,39109070,"county"
"Los Angeles","Los Angeles","18-49","age_cat",61957000,479251,5632,774,9,547526980,39109070,"county"
"Los Angeles","Los Angeles","50-64","age_cat",26119142,110536,575,423,2,547526980,39109070,"county"
"Los Angeles","Los Angeles","65+","age_cat",21825426,236193,18841,1082,86,547526980,39109070,"county"
"Rural North","Del Norte","0-17","age_cat",82362,179,0,217,0,547526980,39109070,"county"
"Rural North","Del Norte","18-49","age_cat",148260,1445,17,975,11,547526980,39109070,"county"
"Rural North","Del Norte","50-64","age_cat",64148,303,1,472,2,547526980,39109070,"county"
"Rural North","Del Norte","65+","age_cat",74578,805,63,1079,84,547526980,39109070,"county"
"Rural North","Glenn","0-17","age_cat",105518,208,0,197,0,547526980,39109070,"county"
"Rural North","Glenn","18-49","age_cat",154476,1350,19,874,12,547526980,39109070,"county"
"Rural North","Glenn","50-64","age_cat",65842,270,1,410,2,547526980,39109070,"county"
"Rural North","Glenn","65+","age_cat",66710,710,63,1064,94,547526980,39109070,"county"
"Rural North","Humboldt","0-17","age_cat",382004,849,0,222,0,547526980,39109070,"county"
"Rural North","Humboldt","18-49","age_cat",849814,6532,86,769,10,547526980,39109070,"county"
"Rural North","Humboldt","50-64","age_cat",301658,1390,8,461,3,547526980,39109070,"county"
"Rural North","Humboldt","65+","age_cat",347956,4014,327,1154,94,547526980,39109070,"county"
"Rural North","Lake","0-17","age_cat",216076,441,0,204,0,547526980,39109070,"county"
"Rural North","Lake","18-49","age_cat",320698,3078,51,960,16,547526980,39109070,"county"
"Rural North","Lake","50-64","age_cat",170870,777,4,455,2,547526980,39109070,"county"
"Rural North","Lake","65+","age_cat",222600,2627,208,1180,93,547526980,39109070,"county"
"Rural North","Lassen","0-17","age_cat",68964,157,0,228,0,547526980,39109070,"county"
"Rural North","Lassen","18-49","age_cat",204400,1598,24,782,12,547526980,39109070,"county"
"Rural North","Lassen","50-64","age_cat",59052,336,0,569,0,547526980,39109070,"county"
"Rural North","Lassen","65+","age_cat",62832,884,78,1407,124,547526980,39109070,"county"
"Rural North","Mendocino","0-17","age_cat",274638,611,1,222,0,547526980,39109070,"county"
"Rural North","Mendocino","18-49","age_cat",451892,4081,56,903,12,547526980,39109070,"county"
"Rural North","Mendocino","50-64","age_cat",217476,981,5,451,2,547526980,39109070,"county"
"Rural North","Mendocino","65+","age_cat",306418,3415,277,1114,90,547526980,39109070,"county"
"Rural North","Modoc","0-17","age_cat",26922,60,0,223,0,547526980,39109070,"county"
"Rural North","Modoc","18-49","age_cat",39550,387,3,979,8,547526980,39109070,"county"
"Rural North","Modoc","50-64","age_cat",20608,103,1,500,5,547526980,39109070,"county"
"Rural North","Modoc","65+","age_cat",31164,461,32,1479,103,547526980,39109070,"county"
"Rural North","Shasta","0-17","age_cat",570906,1138,2,199,0,547526980,39109070,"county"
"Rural North","Shasta","18-49","age_cat",958692,7745,109,808,11,547526980,39109070,"county"
"Rural North","Shasta","50-64","age_cat",450800,1804,13,400,3,547526980,39109070,"county"
"Rural North","Shasta","65+","age_cat",525014,5527,462,1053,88,547526980,39109070,"county"
"Rural North","Siskiyou","0-17","age_cat",123494,279,1,226,1,547526980,39109070,"county"
"Rural North","Siskiyou","18-49","age_cat",201950,1965,23,973,11,547526980,39109070,"county"
"Rural North","Siskiyou","50-64","age_cat",108248,481,1,444,1,547526980,39109070,"county"
"Rural North","Siskiyou","65+","age_cat",167762,2017,164,1202,98,547526980,39109070,"county"
"Rural North","Tehama","0-17","age_cat",227262,998,0,439,0,547526980,39109070,"county"
"Rural North","Tehama","18-49","age_cat",335230,6211,80,1853,24,547526980,39109070,"county"
"Rural North","Tehama","50-64","age_cat",163142,1440,7,883,4,547526980,39109070,"county"
"Rural North","Tehama","65+","age_cat",179844,3996,320,2222,178,547526980,39109070,"county"
"Rural North","Trinity","0-17","age_cat",36470,77,0,211,0,547526980,39109070,"county"
"Rural North","Trinity","18-49","age_cat",79898,466,3,583,4,547526980,39109070,"county"
"Rural North","Trinity","50-64","age_cat",44422,136,1,306,2,547526980,39109070,"county"
"Rural North","Trinity","65+","age_cat",61390,564,48,919,78,547526980,39109070,"county"
"Southern California","Imperial","0-17","age_cat",708428,8830,9,1246,1,547526980,39109070,"county"
"Southern California","Imperial","18-49","age_cat",1036266,43091,457,4158,44,547526980,39109070,"county"
"Southern California","Imperial","50-64","age_cat",397572,8975,47,2257,12,547526980,39109070,"county"
"Southern California","Imperial","65+","age_cat",372680,17727,1446,4757,388,547526980,39109070,"county"
"Southern California","Inyo","0-17","age_cat",53382,320,0,599,0,547526980,39109070,"county"
"Southern California","Inyo","18-49","age_cat",91322,1921,26,2104,28,547526980,39109070,"county"
"Southern California","Inyo","50-64","age_cat",48454,741,8,1529,17,547526980,39109070,"county"
"Southern California","Inyo","65+","age_cat",69076,2055,173,2975,250,547526980,39109070,"county"
"Southern California","Mono","0-17","age_cat",36708,64,0,174,0,547526980,39109070,"county"
"Southern California","Mono","18-49","age_cat",75880,615,8,810,11,547526980,39109070,"county"
"Southern California","Mono","50-64","age_cat",36428,169,0,464,0,547526980,39109070,"county"
"Southern California","Mono","65+","age_cat",36806,396,33,1076,90,547526980,39109070,"county"
"Southern California","Orange","0-17","age_cat",9292472,19658,21,212,0,547526980,39109070,"county"
"Southern California","Orange","18-49","age_cat",18611628,144154,1710,775,9,547526980,39109070,"county"
"Southern California","Orange","50-64","age_cat",8778294,36141,214,412,2,547526980,39109070,"county"
"Southern California","Orange","65+","age_cat",7309484,77561,6165,1061,84,547526980,39109070,"county"
"Southern California","Riverside","0-17","age_cat",8334088,16588,18,199,0,547526980,39109070,"county"
"Southern California","Riverside","18-49","age_cat",14438340,115116,1375,797,10,547526980,39109070,"county"
"Southern California","Riverside","50-64","age_cat",5920110,25094,123,424,2,547526980,39109070,"county"
"Southern California","Riverside","65+","age_cat",5345018,59811,4875,1119,91,547526980,39109070,"county"
"Southern California","San Bernardino","0-17","age_cat",7894362,45436,44,576,1,547526980,39109070,"county"
"Southern California","San Bernardino","18-49","age_cat",13512296,277592,3356,2054,25,547526980,39109070,"county"
"Southern California","San Bernardino","50-64","age_cat",5142242,58021,315,1128,6,547526980,39109070,"county"
"Southern California","San Bernardino","65+","age_cat",3839402,106808,8329,2782,217,547526980,39109070,"county"
"Southern California","San Diego","0-17","age_cat",10247762,22333,30,218,0,547526980,39109070,"county"
"Southern California","San Diego","18-49","age_cat",20893796,153538,1832,735,9,547526980,39109070,"county"
"Southern California","San Diego","50-64","age_cat",7995736,33076,203,414,3,547526980,39109070,"county"
"Southern California","San Diego","65+","age_cat",7032746,78309,6183,1113,88,547526980,39109070,"county"
"Southern California","San Luis Obispo","0-17","age_cat",710584,1917,0,270,0,547526980,39109070,"county"
"Southern California","San Luis Obispo","18-49","age_cat",1714230,16644,235,971,14,547526980,39109070,"county"
"Southern California","San Luis Obispo","50-64","age_cat",649754,3671,23,565,4,547526980,39109070,"county"
"Southern California","San Luis Obispo","65+","age_cat",848946,13062,992,1539,117,547526980,39109070,"county"
"Southern California","Santa Barbara","0-17","age_cat",1453662,2998,3,206,0,547526980,39109070,"county"
"Southern California","Santa Barbara","18-49","age_cat",2794876,22172,297,793,11,547526980,39109070,"county"
"Southern California","Santa Barbara","50-64","age_cat",949144,4208,16,443,2,547526980,39109070,"county"
"Southern California","Santa Barbara","65+","age_cat",998914,10772,837,1078,84,547526980,39109070,"county"
"Southern California","Ventura","0-17","age_cat",2570302,5253,12,204,0,547526980,39109070,"county"
"Southern California","Ventura","18-49","age_cat",4758600,38031,470,799,10,547526980,39109070,"county"
"Southern California","Ventura","50-64","age_cat",2220092,9265,52,417,2,547526980,39109070,"county"
"Southern California","Ventura","65+","age_cat",2014124,21831,1713,1084,85,547526980,39109070,"county"
"Bay Area","Alameda","AIAN NH","race_short",36552,444,12,1215,33,312872560,39109070,"county"
"Bay Area","Alameda","Asian NH","race_short",4548896,39069,1108,859,24,312872560,39109070,"county"
"Bay Area","Alameda","Black NH","race_short",1262536,17161,510,1359,40,312872560,39109070,"county"
"Bay Area","Alameda","Hispanic","race_short",2683616,33568,661,1251,25,312872560,39109070,"county"
"Bay Area","Alameda","MR NH","race_short",711496,5719,100,804,14,312872560,39109070,"county"
"Bay Area","Alameda","NHPI NH","race_short",117680,1183,31,1005,26,312872560,39109070,"county"
"Bay Area","Alameda","White NH","race_short",3887520,51897,1719,1335,44,312872560,39109070,"county"
"Bay Area","Contra Costa","AIAN NH","race_short",21736,278,11,1279,51,312872560,39109070,"county"
"Bay Area","Contra Costa","Asian NH","race_short",1832688,16155,501,881,27,312872560,39109070,"county"
"Bay Area","Contra Costa","Black NH","race_short",819744,9188,266,1121,32,312872560,39109070,"county"
"Bay Area","Contra Costa","Hispanic","race_short",2173776,24671,482,1135,22,312872560,39109070,"county"
"Bay Area","Contra Costa","MR NH","race_short",535280,3801,85,710,16,312872560,39109070,"county"
"Bay Area","Contra Costa","NHPI NH","race_short",54528,472,21,866,39,312872560,39109070,"county"
"Bay Area","Contra Costa","White NH","race_short",3734536,48477,1829,1298,49,312872560,39109070,"county"
"Bay Area","Marin","AIAN NH","race_short",5832,55,2,943,34,312872560,39109070,"county"
"Bay Area","Marin","Asian NH","race_short",139032,1414,52,1017,37,312872560,39109070,"county"
"Bay Area","Marin","Black NH","race_short",64928,665,11,1024,17,312872560,39109070,"county"
"Bay Area","Marin","Hispanic","race_short",318112,3803,55,1195,17,312872560,39109070,"county"
"Bay Area","Marin","MR NH","race_short",115104,643,11,559,10,312872560,39109070,"county"
"Bay Area","Marin","NHPI NH","race_short",4696,34,2,724,43,312872560,39109070,"county"
"Bay Area","Marin","White NH","race_short",1390248,17704,793,1273,57,312872560,39109070,"county"
"Bay Area","Monterey","AIAN NH","race_short",12064,159,4,1318,33,312872560,39109070,"county"
"Bay Area","Monterey","Asian NH","race_short",210240,2521,102,1199,49,312872560,39109070,"county"
"Bay Area","Monterey","Black NH","race_short",84888,1215,36,1431,42,312872560,39109070,"county"
"Bay Area","Monterey","Hispanic","race_short",2052648,24821,553,1209,27,312872560,39109070,"county"
"Bay Area","Monterey","MR NH","race_short",114032,977,20,857,18,312872560,39109070,"county"
"Bay Area","Monterey","NHPI NH","race_short",16576,202,2,1219,12,312872560,39109070,"county"
"Bay Area","Monterey","White NH","race_short",1001360,14241,590,1422,59,312872560,39109070,"county"
"Bay Area","Napa","AIAN NH","race_short",4440,59,1,1329,23,312872560,39109070,"county"
"Bay Area","Napa","Asian NH","race_short",89952,909,40,1011,44,312872560,39109070,"county"
"Bay Area","Napa","Black NH","race_short",22376,219,3,979,13,312872560,39109070,"county"
"Bay Area","Napa","Hispanic","race_short",345240,4211,87,1220,25,312872560,39109070,"county"
"Bay Area","Napa","MR NH","race_short",48280,278,4,576,8,312872560,39109070,"county"
"Bay Area","Napa","NHPI NH","race_short",3328,22,1,661,30,312872560,39109070,"county"
"Bay Area","Napa","White NH","race_short",562256,6975,266,1241,47,312872560,39109070,"county"
"Bay Area","San Benito","AIAN NH","race_short",1864,22,0,1180,0,312872560,39109070,"county"
"Bay Area","San Benito","Asian NH","race_short",17440,120,4,688,23,312872560,39109070,"county"
"Bay Area","San Benito","Black NH","race_short",4176,43,0,1030,0,312872560,39109070,"county"
"Bay Area","San Benito","Hispanic","race_short",341856,3000,73,878,21,312872560,39109070,"county"
"Bay Area","San Benito","MR NH","race_short",12424,92,3,741,24,312872560,39109070,"county"
"Bay Area","San Benito","NHPI NH","race_short",1168,10,0,856,0,312872560,39109070,"county"
"Bay Area","San Benito","White NH","race_short",141728,2004,80,1414,56,312872560,39109070,"county"
"Bay Area","San Francisco","AIAN NH","race_short",13008,198,1,1522,8,312872560,39109070,"county"
"Bay Area","San Francisco","Asian NH","race_short",2317064,27228,885,1175,38,312872560,39109070,"county"
"Bay Area","San Francisco","Black NH","race_short",341592,4327,126,1267,37,312872560,39109070,"county"
"Bay Area","San Francisco","Hispanic","race_short",936936,12379,257,1321,27,312872560,39109070,"county"
"Bay Area","San Francisco","MR NH","race_short",352840,2760,47,782,13,312872560,39109070,"county"
"Bay Area","San Francisco","NHPI NH","race_short",29960,351,8,1172,27,312872560,39109070,"county"
"Bay Area","San Francisco","White NH","race_short",2792752,37873,1055,1356,38,312872560,39109070,"county"
"Bay Area","San Mateo","AIAN NH","race_short",9808,107,4,1091,41,312872560,39109070,"county"
"Bay Area","San Mateo","Asian NH","race_short",1963264,17297,546,881,28,312872560,39109070,"county"
"Bay Area","San Mateo","Black NH","race_short",140392,1844,53,1313,38,312872560,39109070,"county"
"Bay Area","San Mateo","Hispanic","race_short",1105472,17343,359,1569,32,312872560,39109070,"county"
"Bay Area","San Mateo","MR NH","race_short",324336,2141,36,660,11,312872560,39109070,"county"
"Bay Area","San Mateo","NHPI NH","race_short",81672,994,26,1217,32,312872560,39109070,"county"
"Bay Area","San Mateo","White NH","race_short",2367656,28260,1128,1194,48,312872560,39109070,"county"
"Bay Area","Santa Clara","AIAN NH","race_short",27760,410,11,1477,40,312872560,39109070,"county"
"Bay Area","Santa Clara","Asian NH","race_short",6379632,56993,1611,893,25,312872560,39109070,"county"
"Bay Area","Santa Clara","Black NH","race_short",368800,4243,119,1150,32,312872560,39109070,"county"
"Bay Area","Santa Clara","Hispanic","race_short",3198888,45289,919,1416,29,312872560,39109070,"county"
"Bay Area","Santa Clara","MR NH","race_short",625752,4971,84,794,13,312872560,39109070,"county"
"Bay Area","Santa Clara","NHPI NH","race_short",53368,607,13,1137,24,312872560,39109070,"county"
"Bay Area","Santa Clara","White NH","race_short",4639792,60561,2226,1305,48,312872560,39109070,"county"
"Bay Area","Santa Cruz","AIAN NH","race_short",6544,102,2,1559,31,312872560,39109070,"county"
"Bay Area","Santa Cruz","Asian NH","race_short",102352,1148,43,1122,42,312872560,39109070,"county"
"Bay Area","Santa Cruz","Black NH","race_short",22576,237,8,1050,35,312872560,39109070,"county"
"Bay Area","Santa Cruz","Hispanic","race_short",754616,8542,181,1132,24,312872560,39109070,"county"
"Bay Area","Santa Cruz","MR NH","race_short",98688,713,17,722,17,312872560,39109070,"county"
"Bay Area","Santa Cruz","NHPI NH","race_short",2384,28,0,1174,0,312872560,39109070,"county"
"Bay Area","Santa Cruz","White NH","race_short",1117648,15563,590,1392,53,312872560,39109070,"county"
"Bay Area","Solano","AIAN NH","race_short",13392,430,9,3211,67,312872560,39109070,"county"
"Bay Area","Solano","Asian NH","race_short",564152,12389,413,2196,73,312872560,39109070,"county"
"Bay Area","Solano","Black NH","race_short",488808,11995,329,2454,67,312872560,39109070,"county"
"Bay Area","Solano","Hispanic","race_short",1012176,20917,399,2067,39,312872560,39109070,"county"
"Bay Area","Solano","MR NH","race_short",243584,4145,67,1702,28,312872560,39109070,"county"
"Bay Area","Solano","NHPI NH","race_short",33376,691,12,2070,36,312872560,39109070,"county"
"Bay Area","Solano","White NH","race_short",1218472,33761,1248,2771,102,312872560,39109070,"county"
"Bay Area","Sonoma","AIAN NH","race_short",24640,348,15,1412,61,312872560,39109070,"county"
"Bay Area","Sonoma","Asian NH","race_short",185208,1830,68,988,37,312872560,39109070,"county"
"Bay Area","Sonoma","Black NH","race_short",64880,709,20,1093,31,312872560,39109070,"county"
"Bay Area","Sonoma","Hispanic","race_short",1090440,11328,216,1039,20,312872560,39109070,"county"
"Bay Area","Sonoma","MR NH","race_short",196760,1159,24,589,12,312872560,39109070,"county"
"Bay Area","Sonoma","NHPI NH","race_short",16480,135,5,819,30,312872560,39109070,"county"
"Bay Area","Sonoma","White NH","race_short",2260200,30813,1266,1363,56,312872560,39109070,"county"
"Central California","Calaveras","AIAN NH","race_short",3800,64,2,1684,53,312872560,39109070,"county"
"Central California","Calaveras","Asian NH","race_short",5592,69,1,1234,18,312872560,39109070,"county"
"Central California","Calaveras","Black NH","race_short",2800,39,0,1393,0,312872560,39109070,"county"
"Central California","Calaveras","Hispanic","race_short",66512,505,15,759,23,312872560,39109070,"county"
"Central California","Calaveras","MR NH","race_short",21408,127,4,593,19,312872560,39109070,"county"
"Central California","Calaveras","NHPI NH","race_short",728,10,0,1374,0,312872560,39109070,"county"
"Central California","Calaveras","White NH","race_short",256000,3862,178,1509,70,312872560,39109070,"county"
"Central California","Fresno","AIAN NH","race_short",46880,551,26,1175,55,312872560,39109070,"county"
"Central California","Fresno","Asian NH","race_short",857264,8175,218,954,25,312872560,39109070,"county"
"Central California","Fresno","Black NH","race_short",333568,4224,96,1266,29,312872560,39109070,"county"
"Central California","Fresno","Hispanic","race_short",4635096,44076,886,951,19,312872560,39109070,"county"
"Central California","Fresno","MR NH","race_short",208576,1514,26,726,12,312872560,39109070,"county"
"Central California","Fresno","NHPI NH","race_short",11912,116,1,974,8,312872560,39109070,"county"
"Central California","Fresno","White NH","race_short",2006096,27303,964,1361,48,312872560,39109070,"county"
"Central California","Kern","AIAN NH","race_short",38272,1540,50,4024,131,312872560,39109070,"county"
"Central California","Kern","Asian NH","race_short",332344,8728,257,2626,77,312872560,39109070,"county"
"Central California","Kern","Black NH","race_short",370208,11872,261,3207,71,312872560,39109070,"county"
"Central California","Kern","Hispanic","race_short",4234288,110592,1844,2612,44,312872560,39109070,"county"
"Central California","Kern","MR NH","race_short",205840,4042,83,1964,40,312872560,39109070,"county"
"Central California","Kern","NHPI NH","race_short",9344,282,4,3018,43,312872560,39109070,"county"
"Central California","Kern","White NH","race_short",2036680,81498,2529,4002,124,312872560,39109070,"county"
"Central California","Kings","AIAN NH","race_short",10808,317,11,2933,102,312872560,39109070,"county"
"Central California","Kings","Asian NH","race_short",33712,1288,43,3821,128,312872560,39109070,"county"
"Central California","Kings","Black NH","race_short",56800,2341,48,4121,85,312872560,39109070,"county"
"Central California","Kings","Hispanic","race_short",820128,18072,343,2204,42,312872560,39109070,"county"
"Central California","Kings","MR NH","race_short",31568,783,10,2480,32,312872560,39109070,"county"
"Central California","Kings","NHPI NH","race_short",2752,65,1,2362,36,312872560,39109070,"county"
"Central California","Kings","White NH","race_short",263472,11949,347,4535,132,312872560,39109070,"county"
"Central California","Madera","AIAN NH","race_short",13056,187,7,1432,54,312872560,39109070,"county"
"Central California","Madera","Asian NH","race_short",28112,307,8,1092,28,312872560,39109070,"county"
"Central California","Madera","Black NH","race_short",31872,568,11,1782,35,312872560,39109070,"county"
"Central California","Madera","Hispanic","race_short",807152,9382,163,1162,20,312872560,39109070,"county"
"Central California","Madera","MR NH","race_short",31216,243,4,778,13,312872560,39109070,"county"
"Central California","Madera","NHPI NH","race_short",1176,12,2,1020,170,312872560,39109070,"county"
"Central California","Madera","White NH","race_short",355072,6244,253,1759,71,312872560,39109070,"county"
"Central California","Mariposa","AIAN NH","race_short",3344,48,1,1435,30,312872560,39109070,"county"
"Central California","Mariposa","Asian NH","race_short",2312,22,0,952,0,312872560,39109070,"county"
"Central California","Mariposa","Black NH","race_short",1072,19,0,1772,0,312872560,39109070,"county"
"Central California","Mariposa","Hispanic","race_short",22088,179,3,810,14,312872560,39109070,"county"
"Central California","Mariposa","MR NH","race_short",9512,55,0,578,0,312872560,39109070,"county"
"Central California","Mariposa","NHPI NH","race_short",136,5,0,3676,0,312872560,39109070,"county"
"Central California","Mariposa","White NH","race_short",96416,1572,73,1630,76,312872560,39109070,"county"
"Central California","Merced","AIAN NH","race_short",9008,306,12,3397,133,312872560,39109070,"county"
"Central California","Merced","Asian NH","race_short",145216,4916,113,3385,78,312872560,39109070,"county"
"Central California","Merced","Black NH","race_short",58840,2270,56,3858,95,312872560,39109070,"county"
"Central California","Merced","Hispanic","race_short",1545000,36158,664,2340,43,312872560,39109070,"county"
"Central California","Merced","MR NH","race_short",47920,1110,15,2316,31,312872560,39109070,"county"
"Central California","Merced","NHPI NH","race_short",4480,118,3,2634,67,312872560,39109070,"county"
"Central California","Merced","White NH","race_short",474336,19713,673,4156,142,312872560,39109070,"county"
"Central California","San Joaquin","AIAN NH","race_short",24952,750,25,3006,100,312872560,39109070,"county"
"Central California","San Joaquin","Asian NH","race_short",1060800,21620,597,2038,56,312872560,39109070,"county"
"Central California","San Joaquin","Black NH","race_short",451056,11013,285,2442,63,312872560,39109070,"county"
"Central California","San Joaquin","Hispanic","race_short",2809472,59240,1067,2109,38,312872560,39109070,"county"
"Central California","San Joaquin","MR NH","race_short",254312,4826,73,1898,29,312872560,39109070,"county"
"Central California","San Joaquin","NHPI NH","race_short",39904,802,19,2010,48,312872560,39109070,"county"
"Central California","San Joaquin","White NH","race_short",1635728,52010,1769,3180,108,312872560,39109070,"county"
"Central California","Stanislaus","AIAN NH","race_short",20872,620,19,2970,91,312872560,39109070,"county"
"Central California","Stanislaus","Asian NH","race_short",273768,5591,158,2042,58,312872560,39109070,"county"
"Central California","Stanislaus","Black NH","race_short",115128,2942,67,2555,58,312872560,39109070,"county"
"Central California","Stanislaus","Hispanic","race_short",2189304,47285,902,2160,41,312872560,39109070,"county"
"Central California","Stanislaus","MR NH","race_short",169672,2718,71,1602,42,312872560,39109070,"county"
"Central California","Stanislaus","NHPI NH","race_short",32864,648,19,1972,58,312872560,39109070,"county"
"Central California","Stanislaus","White NH","race_short",1564024,49068,1646,3137,105,312872560,39109070,"county"
"Central California","Tulare","AIAN NH","race_short",24600,832,16,3382,65,312872560,39109070,"county"
"Central California","Tulare","Asian NH","race_short",118640,3861,107,3254,90,312872560,39109070,"county"
"Central California","Tulare","Black NH","race_short",43600,1398,35,3206,80,312872560,39109070,"county"
"Central California","Tulare","Hispanic","race_short",2655936,69661,1283,2623,48,312872560,39109070,"county"
"Central California","Tulare","MR NH","race_short",72424,1496,21,2066,29,312872560,39109070,"county"
"Central California","Tulare","NHPI NH","race_short",3944,93,4,2358,101,312872560,39109070,"county"
"Central California","Tulare","White NH","race_short",879192,35158,1198,3999,136,312872560,39109070,"county"
"Central California","Tuolumne","AIAN NH","race_short",6400,71,3,1109,47,312872560,39109070,"county"
"Central California","Tuolumne","Asian NH","race_short",7304,61,1,835,14,312872560,39109070,"county"
"Central California","Tuolumne","Black NH","race_short",6536,102,1,1561,15,312872560,39109070,"county"
"Central California","Tuolumne","Hispanic","race_short",73544,680,12,925,16,312872560,39109070,"county"
"Central California","Tuolumne","MR NH","race_short",25000,148,9,592,36,312872560,39109070,"county"
"Central California","Tuolumne","NHPI NH","race_short",952,7,0,735,0,312872560,39109070,"county"
"Central California","Tuolumne","White NH","race_short",307360,4378,181,1424,59,312872560,39109070,"county"
"Greater Sierra Sacramento","Alpine","AIAN NH","race_short",1672,23,1,1376,60,312872560,39109070,"county"
"Greater Sierra Sacramento","Alpine","Asian NH","race_short",104,2,0,1923,0,312872560,39109070,"county"
"Greater Sierra Sacramento","Alpine","Black NH","race_short",112,0,0,0,0,312872560,39109070,"county"
"Greater Sierra Sacramento","Alpine","Hispanic","race_short",928,8,0,862,0,312872560,39109070,"county"
"Greater Sierra Sacramento","Alpine","MR NH","race_short",624,4,0,641,0,312872560,39109070,"county"
"Greater Sierra Sacramento","Alpine","NHPI NH","race_short",0,0,0,0,0,312872560,39109070,"county"
"Greater Sierra Sacramento","Alpine","White NH","race_short",5880,91,3,1548,51,312872560,39109070,"county"
"Greater Sierra Sacramento","Amador","AIAN NH","race_short",4912,60,3,1221,61,312872560,39109070,"county"
"Greater Sierra Sacramento","Amador","Asian NH","race_short",4688,53,4,1131,85,312872560,39109070,"county"
"Greater Sierra Sacramento","Amador","Black NH","race_short",10880,94,1,864,9,312872560,39109070,"county"
"Greater Sierra Sacramento","Amador","Hispanic","race_short",53888,467,15,867,28,312872560,39109070,"county"
"Greater Sierra Sacramento","Amador","MR NH","race_short",16400,101,1,616,6,312872560,39109070,"county"
"Greater Sierra Sacramento","Amador","NHPI NH","race_short",664,5,0,753,0,312872560,39109070,"county"
"Greater Sierra Sacramento","Amador","White NH","race_short",229544,2751,116,1198,51,312872560,39109070,"county"
"Greater Sierra Sacramento","Butte","AIAN NH","race_short",24040,296,9,1231,37,312872560,39109070,"county"
"Greater Sierra Sacramento","Butte","Asian NH","race_short",85776,890,18,1038,21,312872560,39109070,"county"
"Greater Sierra Sacramento","Butte","Black NH","race_short",29672,344,9,1159,30,312872560,39109070,"county"
"Greater Sierra Sacramento","Butte","Hispanic","race_short",380560,3202,67,841,18,312872560,39109070,"county"
"Greater Sierra Sacramento","Butte","MR NH","race_short",108552,768,15,707,14,312872560,39109070,"county"
"Greater Sierra Sacramento","Butte","NHPI NH","race_short",6664,42,0,630,0,312872560,39109070,"county"
"Greater Sierra Sacramento","Butte","White NH","race_short",1011616,15299,566,1512,56,312872560,39109070,"county"
"Greater Sierra Sacramento","Colusa","AIAN NH","race_short",2176,51,4,2344,184,312872560,39109070,"county"
"Greater Sierra Sacramento","Colusa","Asian NH","race_short",1912,58,4,3033,209,312872560,39109070,"county"
"Greater Sierra Sacramento","Colusa","Black NH","race_short",1512,36,2,2381,132,312872560,39109070,"county"
"Greater Sierra Sacramento","Colusa","Hispanic","race_short",114600,2592,52,2262,45,312872560,39109070,"county"
"Greater Sierra Sacramento","Colusa","MR NH","race_short",4000,66,2,1650,50,312872560,39109070,"county"
"Greater Sierra Sacramento","Colusa","NHPI NH","race_short",664,15,0,2259,0,312872560,39109070,"county"
"Greater Sierra Sacramento","Colusa","White NH","race_short",50376,1809,71,3591,141,312872560,39109070,"county"
"Greater Sierra Sacramento","El Dorado","AIAN NH","race_short",10640,176,4,1654,38,312872560,39109070,"county"
"Greater Sierra Sacramento","El Dorado","Asian NH","race_short",72600,732,22,1008,30,312872560,39109070,"county"
"Greater Sierra Sacramento","El Dorado","Black NH","race_short",12680,123,1,970,8,312872560,39109070,"county"
"Greater Sierra Sacramento","El Dorado","Hispanic","race_short",234656,2444,63,1042,27,312872560,39109070,"county"
"Greater Sierra Sacramento","El Dorado","MR NH","race_short",86224,550,12,638,14,312872560,39109070,"county"
"Greater Sierra Sacramento","El Dorado","NHPI NH","race_short",2768,30,1,1084,36,312872560,39109070,"county"
"Greater Sierra Sacramento","El Dorado","White NH","race_short",1078712,14863,603,1378,56,312872560,39109070,"county"
"Greater Sierra Sacramento","Nevada","AIAN NH","race_short",5512,105,7,1905,127,312872560,39109070,"county"
"Greater Sierra Sacramento","Nevada","Asian NH","race_short",11096,114,8,1027,72,312872560,39109070,"county"
"Greater Sierra Sacramento","Nevada","Black NH","race_short",4000,46,3,1150,75,312872560,39109070,"county"
"Greater Sierra Sacramento","Nevada","Hispanic","race_short",108408,918,26,847,24,312872560,39109070,"county"
"Greater Sierra Sacramento","Nevada","MR NH","race_short",44416,256,1,576,2,312872560,39109070,"county"
"Greater Sierra Sacramento","Nevada","NHPI NH","race_short",1072,12,0,1119,0,312872560,39109070,"county"
"Greater Sierra Sacramento","Nevada","White NH","race_short",628696,8425,354,1340,56,312872560,39109070,"county"
"Greater Sierra Sacramento","Placer","AIAN NH","race_short",15688,227,1,1447,6,312872560,39109070,"county"
"Greater Sierra Sacramento","Placer","Asian NH","race_short",293032,2363,65,806,22,312872560,39109070,"county"
"Greater Sierra Sacramento","Placer","Black NH","race_short",56080,474,10,845,18,312872560,39109070,"county"
"Greater Sierra Sacramento","Placer","Hispanic","race_short",603208,4738,97,785,16,312872560,39109070,"county"
"Greater Sierra Sacramento","Placer","MR NH","race_short",193136,995,17,515,9,312872560,39109070,"county"
"Greater Sierra Sacramento","Placer","NHPI NH","race_short",8008,73,4,912,50,312872560,39109070,"county"
"Greater Sierra Sacramento","Placer","White NH","race_short",2116496,27809,979,1314,46,312872560,39109070,"county"
"Greater Sierra Sacramento","Plumas","AIAN NH","race_short",2704,47,1,1738,37,312872560,39109070,"county"
"Greater Sierra Sacramento","Plumas","Asian NH","race_short",1312,19,3,1448,229,312872560,39109070,"county"
"Greater Sierra Sacramento","Plumas","Black NH","race_short",1032,22,0,2132,0,312872560,39109070,"county"
"Greater Sierra Sacramento","Plumas","Hispanic","race_short",26256,199,4,758,15,312872560,39109070,"county"
"Greater Sierra Sacramento","Plumas","MR NH","race_short",7944,72,0,906,0,312872560,39109070,"county"
"Greater Sierra Sacramento","Plumas","NHPI NH","race_short",352,4,0,1136,0,312872560,39109070,"county"
"Greater Sierra Sacramento","Plumas","White NH","race_short",112040,2055,87,1834,78,312872560,39109070,"county"
"Greater Sierra Sacramento","Sacramento","AIAN NH","race_short",58320,1734,53,2973,91,312872560,39109070,"county"
"Greater Sierra Sacramento","Sacramento","Asian NH","race_short",2246464,44776,1154,1993,51,312872560,39109070,"county"
"Greater Sierra Sacramento","Sacramento","Black NH","race_short",1135720,30461,740,2682,65,312872560,39109070,"county"
"Greater Sierra Sacramento","Sacramento","Hispanic","race_short",3203952,68404,1285,2135,40,312872560,39109070,"county"
"Greater Sierra Sacramento","Sacramento","MR NH","race_short",787600,13014,213,1652,27,312872560,39109070,"county"
"Greater Sierra Sacramento","Sacramento","NHPI NH","race_short",156224,3044,73,1948,47,312872560,39109070,"county"
"Greater Sierra Sacramento","Sacramento","White NH","race_short",5066368,145855,4805,2879,95,312872560,39109070,"county"
"Greater Sierra Sacramento","Sierra","AIAN NH","race_short",144,4,0,2778,0,312872560,39109070,"county"
"Greater Sierra Sacramento","Sierra","Asian NH","race_short",80,1,0,1250,0,312872560,39109070,"county"
"Greater Sierra Sacramento","Sierra","Black NH","race_short",88,0,0,0,0,312872560,39109070,"county"
"Greater Sierra Sacramento","Sierra","Hispanic","race_short",3960,44,2,1111,51,312872560,39109070,"county"
"Greater Sierra Sacramento","Sierra","MR NH","race_short",1464,7,0,478,0,312872560,39109070,"county"
"Greater Sierra Sacramento","Sierra","NHPI NH","race_short",8,0,0,0,0,312872560,39109070,"county"
"Greater Sierra Sacramento","Sierra","White NH","race_short",19472,348,19,1787,98,312872560,39109070,"county"
"Greater Sierra Sacramento","Sutter","AIAN NH","race_short",6576,197,4,2996,61,312872560,39109070,"county"
"Greater Sierra Sacramento","Sutter","Asian NH","race_short",137664,2811,73,2042,53,312872560,39109070,"county"
"Greater Sierra Sacramento","Sutter","Black NH","race_short",13528,343,11,2535,81,312872560,39109070,"county"
"Greater Sierra Sacramento","Sutter","Hispanic","race_short",298480,5713,104,1914,35,312872560,39109070,"county"
"Greater Sierra Sacramento","Sutter","MR NH","race_short",32840,588,13,1790,40,312872560,39109070,"county"
"Greater Sierra Sacramento","Sutter","NHPI NH","race_short",2528,62,4,2453,158,312872560,39109070,"county"
"Greater Sierra Sacramento","Sutter","White NH","race_short",293592,9080,310,3093,106,312872560,39109070,"county"
"Greater Sierra Sacramento","Yolo","AIAN NH","race_short",6944,114,6,1642,86,312872560,39109070,"county"
"Greater Sierra Sacramento","Yolo","Asian NH","race_short",260592,3165,50,1215,19,312872560,39109070,"county"
"Greater Sierra Sacramento","Yolo","Black NH","race_short",50544,567,13,1122,26,312872560,39109070,"county"
"Greater Sierra Sacramento","Yolo","Hispanic","race_short",615256,6774,164,1101,27,312872560,39109070,"county"
"Greater Sierra Sacramento","Yolo","MR NH","race_short",89640,773,7,862,8,312872560,39109070,"county"
"Greater Sierra Sacramento","Yolo","NHPI NH","race_short",9208,119,4,1292,43,312872560,39109070,"county"
"Greater Sierra Sacramento","Yolo","White NH","race_short",730864,10958,323,1499,44,312872560,39109070,"county"
"Greater Sierra Sacramento","Yuba","AIAN NH","race_short",7176,244,12,3400,167,312872560,39109070,"county"
"Greater Sierra Sacramento","Yuba","Asian NH","race_short",41456,1057,23,2550,55,312872560,39109070,"county"
"Greater Sierra Sacramento","Yuba","Black NH","race_short",20192,411,18,2035,89,312872560,39109070,"county"
"Greater Sierra Sacramento","Yuba","Hispanic","race_short",254576,3687,61,1448,24,312872560,39109070,"county"
"Greater Sierra Sacramento","Yuba","MR NH","race_short",43280,655,14,1513,32,312872560,39109070,"county"
"Greater Sierra Sacramento","Yuba","NHPI NH","race_short",2776,41,1,1477,36,312872560,39109070,"county"
"Greater Sierra Sacramento","Yuba","White NH","race_short",296920,8321,239,2802,80,312872560,39109070,"county"
"Los Angeles","Los Angeles","AIAN NH","race_short",174472,1745,64,1000,37,312872560,39109070,"county"
"Los Angeles","Los Angeles","Asian NH","race_short",13097448,121970,4176,931,32,312872560,39109070,"county"
"Los Angeles","Los Angeles","Black NH","race_short",6724176,72283,2136,1075,32,312872560,39109070,"county"
"Los Angeles","Los Angeles","Hispanic","race_short",32712880,429165,9482,1312,29,312872560,39109070,"county"
"Los Angeles","Los Angeles","MR NH","race_short",2668176,17181,352,644,13,312872560,39109070,"county"
"Los Angeles","Los Angeles","NHPI NH","race_short",195168,2090,53,1071,27,312872560,39109070,"county"
"Los Angeles","Los Angeles","White NH","race_short",23033344,241722,8846,1049,38,312872560,39109070,"county"
"Rural North","Del Norte","AIAN NH","race_short",16256,169,4,1040,25,312872560,39109070,"county"
"Rural North","Del Norte","Asian NH","race_short",6616,95,4,1436,60,312872560,39109070,"county"
"Rural North","Del Norte","Black NH","race_short",8760,106,1,1210,11,312872560,39109070,"county"
"Rural North","Del Norte","Hispanic","race_short",45376,550,2,1212,4,312872560,39109070,"county"
"Rural North","Del Norte","MR NH","race_short",17056,96,1,563,6,312872560,39109070,"county"
"Rural North","Del Norte","NHPI NH","race_short",192,1,0,521,0,312872560,39109070,"county"
"Rural North","Del Norte","White NH","race_short",116800,1715,69,1468,59,312872560,39109070,"county"
"Rural North","Glenn","AIAN NH","race_short",3944,48,1,1217,25,312872560,39109070,"county"
"Rural North","Glenn","Asian NH","race_short",4952,75,2,1515,40,312872560,39109070,"county"
"Rural North","Glenn","Black NH","race_short",1224,23,1,1879,82,312872560,39109070,"county"
"Rural North","Glenn","Hispanic","race_short",103112,948,20,919,19,312872560,39109070,"county"
"Rural North","Glenn","MR NH","race_short",7656,44,0,575,0,312872560,39109070,"county"
"Rural North","Glenn","NHPI NH","race_short",288,1,0,347,0,312872560,39109070,"county"
"Rural North","Glenn","White NH","race_short",103136,1399,59,1356,57,312872560,39109070,"county"
"Rural North","Humboldt","AIAN NH","race_short",56496,628,13,1112,23,312872560,39109070,"county"
"Rural North","Humboldt","Asian NH","race_short",28064,257,7,916,25,312872560,39109070,"county"
"Rural North","Humboldt","Black NH","race_short",13792,170,2,1233,15,312872560,39109070,"county"
"Rural North","Humboldt","Hispanic","race_short",205832,1409,24,685,12,312872560,39109070,"county"
"Rural North","Humboldt","MR NH","race_short",78264,503,9,643,11,312872560,39109070,"county"
"Rural North","Humboldt","NHPI NH","race_short",3960,19,0,480,0,312872560,39109070,"county"
"Rural North","Humboldt","White NH","race_short",688696,9799,366,1423,53,312872560,39109070,"county"
"Rural North","Lake","AIAN NH","race_short",13144,181,0,1377,0,312872560,39109070,"county"
"Rural North","Lake","Asian NH","race_short",7416,91,3,1227,40,312872560,39109070,"county"
"Rural North","Lake","Black NH","race_short",8712,109,4,1251,46,312872560,39109070,"county"
"Rural North","Lake","Hispanic","race_short",151952,1273,36,838,24,312872560,39109070,"county"
"Rural North","Lake","MR NH","race_short",31344,215,8,686,26,312872560,39109070,"county"
"Rural North","Lake","NHPI NH","race_short",904,9,0,996,0,312872560,39109070,"county"
"Rural North","Lake","White NH","race_short",318096,5045,212,1586,67,312872560,39109070,"county"
"Rural North","Lassen","AIAN NH","race_short",6760,80,3,1183,44,312872560,39109070,"county"
"Rural North","Lassen","Asian NH","race_short",3792,38,1,1002,26,312872560,39109070,"county"
"Rural North","Lassen","Black NH","race_short",19384,271,5,1398,26,312872560,39109070,"county"
"Rural North","Lassen","Hispanic","race_short",67608,525,16,777,24,312872560,39109070,"county"
"Rural North","Lassen","MR NH","race_short",11328,90,4,794,35,312872560,39109070,"county"
"Rural North","Lassen","NHPI NH","race_short",2056,14,0,681,0,312872560,39109070,"county"
"Rural North","Lassen","White NH","race_short",114928,1957,73,1703,64,312872560,39109070,"county"
"Rural North","Mendocino","AIAN NH","race_short",27488,346,18,1259,65,312872560,39109070,"county"
"Rural North","Mendocino","Asian NH","race_short",14424,130,7,901,49,312872560,39109070,"county"
"Rural North","Mendocino","Black NH","race_short",4920,54,1,1098,20,312872560,39109070,"county"
"Rural North","Mendocino","Hispanic","race_short",207800,2026,44,975,21,312872560,39109070,"county"
"Rural North","Mendocino","MR NH","race_short",37576,254,9,676,24,312872560,39109070,"county"
"Rural North","Mendocino","NHPI NH","race_short",1000,15,0,1500,0,312872560,39109070,"county"
"Rural North","Mendocino","White NH","race_short",421320,6263,260,1487,62,312872560,39109070,"county"
"Rural North","Modoc","AIAN NH","race_short",2752,31,1,1126,36,312872560,39109070,"county"
"Rural North","Modoc","Asian NH","race_short",504,9,0,1786,0,312872560,39109070,"county"
"Rural North","Modoc","Black NH","race_short",648,8,0,1235,0,312872560,39109070,"county"
"Rural North","Modoc","Hispanic","race_short",18728,146,3,780,16,312872560,39109070,"county"
"Rural North","Modoc","MR NH","race_short",2832,31,1,1095,35,312872560,39109070,"county"
"Rural North","Modoc","NHPI NH","race_short",96,3,0,3125,0,312872560,39109070,"county"
"Rural North","Modoc","White NH","race_short",42008,783,31,1864,74,312872560,39109070,"county"
"Rural North","Shasta","AIAN NH","race_short",30816,396,13,1285,42,312872560,39109070,"county"
"Rural North","Shasta","Asian NH","race_short",47120,423,15,898,32,312872560,39109070,"county"
"Rural North","Shasta","Black NH","race_short",15048,148,3,984,20,312872560,39109070,"county"
"Rural North","Shasta","Hispanic","race_short",229176,1451,29,633,13,312872560,39109070,"county"
"Rural North","Shasta","MR NH","race_short",94720,557,8,588,8,312872560,39109070,"county"
"Rural North","Shasta","NHPI NH","race_short",2720,24,0,882,0,312872560,39109070,"county"
"Rural North","Shasta","White NH","race_short",1012064,13215,518,1306,51,312872560,39109070,"county"
"Rural North","Siskiyou","AIAN NH","race_short",13024,155,3,1190,23,312872560,39109070,"county"
"Rural North","Siskiyou","Asian NH","race_short",7120,65,5,913,70,312872560,39109070,"county"
"Rural North","Siskiyou","Black NH","race_short",3888,52,1,1337,26,312872560,39109070,"county"
"Rural North","Siskiyou","Hispanic","race_short",61408,527,11,858,18,312872560,39109070,"county"
"Rural North","Siskiyou","MR NH","race_short",23280,206,8,885,34,312872560,39109070,"county"
"Rural North","Siskiyou","NHPI NH","race_short",296,10,0,3378,0,312872560,39109070,"county"
"Rural North","Siskiyou","White NH","race_short",234672,3727,161,1588,69,312872560,39109070,"county"
"Rural North","Tehama","AIAN NH","race_short",9872,252,10,2553,101,312872560,39109070,"county"
"Rural North","Tehama","Asian NH","race_short",7384,118,4,1598,54,312872560,39109070,"county"
"Rural North","Tehama","Black NH","race_short",3224,71,2,2202,62,312872560,39109070,"county"
"Rural North","Tehama","Hispanic","race_short",168728,2970,62,1760,37,312872560,39109070,"county"
"Rural North","Tehama","MR NH","race_short",26128,323,11,1236,42,312872560,39109070,"county"
"Rural North","Tehama","NHPI NH","race_short",824,15,1,1820,121,312872560,39109070,"county"
"Rural North","Tehama","White NH","race_short",301256,8896,317,2953,105,312872560,39109070,"county"
"Rural North","Trinity","AIAN NH","race_short",3272,51,0,1559,0,312872560,39109070,"county"
"Rural North","Trinity","Asian NH","race_short",17752,12,1,68,6,312872560,39109070,"county"
"Rural North","Trinity","Black NH","race_short",576,3,0,521,0,312872560,39109070,"county"
"Rural North","Trinity","Hispanic","race_short",10224,111,2,1086,20,312872560,39109070,"county"
"Rural North","Trinity","MR NH","race_short",8000,58,2,725,25,312872560,39109070,"county"
"Rural North","Trinity","NHPI NH","race_short",224,1,0,446,0,312872560,39109070,"county"
"Rural North","Trinity","White NH","race_short",86912,1007,47,1159,54,312872560,39109070,"county"
"Southern California","Imperial","AIAN NH","race_short",14904,739,11,4958,74,312872560,39109070,"county"
"Southern California","Imperial","Asian NH","race_short",25552,1049,29,4105,113,312872560,39109070,"county"
"Southern California","Imperial","Black NH","race_short",26160,2179,37,8330,141,312872560,39109070,"county"
"Southern California","Imperial","Hispanic","race_short",1231256,63833,1457,5184,118,312872560,39109070,"county"
"Southern California","Imperial","MR NH","race_short",13816,503,20,3641,145,312872560,39109070,"county"
"Southern California","Imperial","NHPI NH","race_short",728,43,0,5907,0,312872560,39109070,"county"
"Southern California","Imperial","White NH","race_short",124696,10277,405,8242,325,312872560,39109070,"county"
"Southern California","Inyo","AIAN NH","race_short",16712,471,16,2818,96,312872560,39109070,"county"
"Southern California","Inyo","Asian NH","race_short",2312,76,3,3287,130,312872560,39109070,"county"
"Southern California","Inyo","Black NH","race_short",728,33,0,4533,0,312872560,39109070,"county"
"Southern California","Inyo","Hispanic","race_short",39584,1028,26,2597,66,312872560,39109070,"county"
"Southern California","Inyo","MR NH","race_short",7504,120,3,1599,40,312872560,39109070,"county"
"Southern California","Inyo","NHPI NH","race_short",120,8,0,6667,0,312872560,39109070,"county"
"Southern California","Inyo","White NH","race_short",82888,3301,159,3982,192,312872560,39109070,"county"
"Southern California","Mono","AIAN NH","race_short",1544,17,0,1101,0,312872560,39109070,"county"
"Southern California","Mono","Asian NH","race_short",1616,15,0,928,0,312872560,39109070,"county"
"Southern California","Mono","Black NH","race_short",664,5,0,753,0,312872560,39109070,"county"
"Southern California","Mono","Hispanic","race_short",29088,346,7,1189,24,312872560,39109070,"county"
"Southern California","Mono","MR NH","race_short",4224,21,1,497,24,312872560,39109070,"county"
"Southern California","Mono","NHPI NH","race_short",224,1,0,446,0,312872560,39109070,"county"
"Southern California","Mono","White NH","race_short",68824,839,33,1219,48,312872560,39109070,"county"
"Southern California","Orange","AIAN NH","race_short",46136,597,15,1294,33,312872560,39109070,"county"
"Southern California","Orange","Asian NH","race_short",5868392,50863,1522,867,26,312872560,39109070,"county"
"Southern California","Orange","Black NH","race_short",418680,4304,89,1028,21,312872560,39109070,"county"
"Southern California","Orange","Hispanic","race_short",7871408,93764,1916,1191,24,312872560,39109070,"county"
"Southern California","Orange","MR NH","race_short",1020416,6712,134,658,13,312872560,39109070,"county"
"Southern California","Orange","NHPI NH","race_short",68920,801,13,1162,19,312872560,39109070,"county"
"Southern California","Orange","White NH","race_short",9844264,120473,4421,1224,45,312872560,39109070,"county"
"Southern California","Riverside","AIAN NH","race_short",97576,1099,27,1126,28,312872560,39109070,"county"
"Southern California","Riverside","Asian NH","race_short",1387904,13512,445,974,32,312872560,39109070,"county"
"Southern California","Riverside","Black NH","race_short",1195808,13129,332,1098,28,312872560,39109070,"county"
"Southern California","Riverside","Hispanic","race_short",9747624,97748,2050,1003,21,312872560,39109070,"county"
"Southern California","Riverside","MR NH","race_short",671480,4669,97,695,14,312872560,39109070,"county"
"Southern California","Riverside","NHPI NH","race_short",59376,588,14,990,24,312872560,39109070,"county"
"Southern California","Riverside","White NH","race_short",6290264,85864,3426,1365,54,312872560,39109070,"county"
"Southern California","San Bernardino","AIAN NH","race_short",66848,2044,73,3058,109,312872560,39109070,"county"
"Southern California","San Bernardino","Asian NH","race_short",1444208,30740,883,2129,61,312872560,39109070,"county"
"Southern California","San Bernardino","Black NH","race_short",1377904,41066,965,2980,70,312872560,39109070,"county"
"Southern California","San Bernardino","Hispanic","race_short",9493656,244773,4729,2578,50,312872560,39109070,"county"
"Southern California","San Bernardino","MR NH","race_short",528536,10315,201,1952,38,312872560,39109070,"county"
"Southern California","San Bernardino","NHPI NH","race_short",52936,1429,26,2699,49,312872560,39109070,"county"
"Southern California","San Bernardino","White NH","race_short",4400656,157490,5167,3579,117,312872560,39109070,"county"
"Southern California","San Diego","AIAN NH","race_short",102416,1387,39,1354,38,312872560,39109070,"county"
"Southern California","San Diego","Asian NH","race_short",3190112,31346,904,983,28,312872560,39109070,"county"
"Southern California","San Diego","Black NH","race_short",1159200,13725,323,1184,28,312872560,39109070,"county"
"Southern California","San Diego","Hispanic","race_short",9383248,93549,2008,997,21,312872560,39109070,"county"
"Southern California","San Diego","MR NH","race_short",1280296,8908,172,696,13,312872560,39109070,"county"
"Southern California","San Diego","NHPI NH","race_short",105904,1295,36,1223,34,312872560,39109070,"county"
"Southern California","San Diego","White NH","race_short",11161704,137046,4766,1228,43,312872560,39109070,"county"
"Southern California","San Luis Obispo","AIAN NH","race_short",8960,189,2,2109,22,312872560,39109070,"county"
"Southern California","San Luis Obispo","Asian NH","race_short",85048,1147,29,1349,34,312872560,39109070,"county"
"Southern California","San Luis Obispo","Black NH","race_short",36192,641,7,1771,19,312872560,39109070,"county"
"Southern California","San Luis Obispo","Hispanic","race_short",589120,7409,190,1258,32,312872560,39109070,"county"
"Southern California","San Luis Obispo","MR NH","race_short",103136,774,22,750,21,312872560,39109070,"county"
"Southern California","San Luis Obispo","NHPI NH","race_short",2960,35,1,1182,34,312872560,39109070,"county"
"Southern California","San Luis Obispo","White NH","race_short",1416592,25099,999,1772,71,312872560,39109070,"county"
"Southern California","Santa Barbara","AIAN NH","race_short",13456,175,6,1301,45,312872560,39109070,"county"
"Southern California","Santa Barbara","Asian NH","race_short",219848,1937,52,881,24,312872560,39109070,"county"
"Southern California","Santa Barbara","Black NH","race_short",54760,715,16,1306,29,312872560,39109070,"county"
"Southern California","Santa Barbara","Hispanic","race_short",1683528,17513,373,1040,22,312872560,39109070,"county"
"Southern California","Santa Barbara","MR NH","race_short",126632,864,14,682,11,312872560,39109070,"county"
"Southern California","Santa Barbara","NHPI NH","race_short",4296,74,3,1723,70,312872560,39109070,"county"
"Southern California","Santa Barbara","White NH","race_short",1438392,18872,689,1312,48,312872560,39109070,"county"
"Southern California","Ventura","AIAN NH","race_short",16392,219,3,1336,18,312872560,39109070,"county"
"Southern California","Ventura","Asian NH","race_short",524016,5050,176,964,34,312872560,39109070,"county"
"Southern California","Ventura","Black NH","race_short",124480,1186,44,953,35,312872560,39109070,"county"
"Southern California","Ventura","Hispanic","race_short",2817208,30740,633,1091,22,312872560,39109070,"county"
"Southern California","Ventura","MR NH","race_short",257480,1637,41,636,16,312872560,39109070,"county"
"Southern California","Ventura","NHPI NH","race_short",12296,111,2,903,16,312872560,39109070,"county"
"Southern California","Ventura","White NH","race_short",2855624,35437,1348,1241,47,312872560,39109070,"county"
"statewide","statewide","FEMALE","sex",19931397,2294166,67371,11510,338,39109070,39109070,"statewide"
"statewide","statewide","MALE","sex",19177673,2255417,59555,11761,311,39109070,39109070,"statewide"
"statewide","statewide","0-17","age_cat",8694111,353210,363,4063,4,39109070,39109070,"statewide"
"statewide","statewide","18-49","age_cat",17106505,2467284,29325,14423,171,39109070,39109070,"statewide"
"statewide","statewide","50-64","age_cat",7086797,540481,2822,7627,40,39109070,39109070,"statewide"
"statewide","statewide","65+","age_cat",6221657,1188608,94416,19104,1518,39109070,39109070,"statewide"
"statewide","statewide","AIAN NH","race_short",158672,22195,671,13988,423,39109070,39109070,"statewide"
"statewide","statewide","Asian NH","race_short",6295420,546770,16568,8685,263,39109070,39109070,"statewide"
"statewide","statewide","Black NH","race_short",2211518,271836,7118,12292,322,39109070,39109070,"statewide"
"statewide","statewide","Hispanic","race_short",14829946,1796696,36484,12115,246,39109070,39109070,"statewide"
"statewide","statewide","MR NH","race_short",1611503,116391,2227,7223,138,39109070,39109070,"statewide"
"statewide","statewide","NHPI NH","race_short",153729,16921,410,11007,267,39109070,39109070,"statewide"
"statewide","statewide","White NH","race_short",13848282,1778774,63448,12845,458,39109070,39109070,"statewide"
"Bay Area",NA,"Overall","All",8391874,821660,24577,9791.13842748354,292.86664694918,39109070,39109070,"region"
"Central California",NA,"Overall","All",4432134,804517,19897,18151.9105694909,448.925957563557,39109070,39109070,"region"
"Greater Sierra Sacramento",NA,"Overall","All",2973210,460390,13134,15484.6109087485,441.744780893378,39109070,39109070,"region"
"Los Angeles",NA,"Overall","All",9825708,886156,25109,9018.74959036031,255.543926198499,39109070,39109070,"region"
"Rural North",NA,"Overall","All",683715,72896,2559,10661.7523383281,374.278756499419,39109070,39109070,"region"
"Southern California",NA,"Overall","All",12802429,1503964,41650,11747.4894803166,325.328888760094,39109070,39109070,"region"
"Bay Area","Alameda","Overall","All",1656037,149041,4141,8999.85930266051,250.054799500253,39109070,39109070,"county"
"Bay Area","Contra Costa","Overall","All",1146536,103042,3195,8987.24505815779,278.665475833293,39109070,39109070,"county"
"Bay Area","Marin","Overall","All",254744,24318,926,9546.0540778193,363.502182583299,39109070,39109070,"county"
"Bay Area","Monterey","Overall","All",436476,44136,1307,10111.8961867319,299.443726573741,39109070,39109070,"county"
"Bay Area","Napa","Overall","All",134484,12673,402,9423.42583504357,298.920317658606,39109070,39109070,"county"
"Bay Area","San Benito","Overall","All",65082,5291,160,8129.74401524231,245.843704864632,39109070,39109070,"county"
"Bay Area","San Francisco","Overall","All",848019,85116,2379,10037.0392644504,280.536167232102,39109070,39109070,"county"
"Bay Area","San Mateo","Overall","All",749075,67986,2152,9075.9937255949,287.287654774221,39109070,39109070,"county"
"Bay Area","Santa Clara","Overall","All",1911749,173074,4983,9053.17591378366,260.651372120503,39109070,39109070,"county"
"Bay Area","Santa Cruz","Overall","All",263101,26333,841,10008.7038817792,319.649108137179,39109070,39109070,"county"
"Bay Area","Solano","Overall","All",446745,84328,2477,18876.092625547,554.455002294374,39109070,39109070,"county"
"Bay Area","Sonoma","Overall","All",479826,46322,1614,9653.91621129326,336.371934826375,39109070,39109070,"county"
"Central California","Calaveras","Overall","All",44605,4676,200,10483.1296939805,448.380226432014,39109070,39109070,"county"
"Central California","Fresno","Overall","All",1012424,85959,2217,8490.4150830087,218.979399935205,39109070,39109070,"county"
"Central California","Kern","Overall","All",903372,218554,5028,24193.1341684267,556.58134190566,39109070,39109070,"county"
"Central California","Kings","Overall","All",152405,34815,803,22843.7387224829,526.885600866113,39109070,39109070,"county"
"Central California","Madera","Overall","All",158457,16943,448,10692.4907072581,282.726544109758,39109070,39109070,"county"
"Central California","Mariposa","Overall","All",16860,1900,77,11269.2763938316,456.702253855279,39109070,39109070,"county"
"Central California","Merced","Overall","All",285600,64591,1536,22615.8963585434,537.81512605042,39109070,39109070,"county"
"Central California","San Joaquin","Overall","All",784528,150261,3835,19153.0448881366,488.828951930333,39109070,39109070,"county"
"Central California","Stanislaus","Overall","All",545704,108872,2882,19950.7425270843,528.125137437145,39109070,39109070,"county"
"Central California","Tulare","Overall","All",474792,112499,2664,23694.3756423866,561.087802658849,39109070,39109070,"county"
"Central California","Tuolumne","Overall","All",53387,5447,207,10202.8583737614,387.734841815423,39109070,39109070,"county"
"Greater Sierra Sacramento","Alpine","Overall","All",1165,128,4,10987.1244635193,343.347639484979,39109070,39109070,"county"
"Greater Sierra Sacramento","Amador","Overall","All",40122,3531,140,8800.65799312098,348.935745974777,39109070,39109070,"county"
"Greater Sierra Sacramento","Butte","Overall","All",205860,20841,684,10123.8705916642,332.264645875838,39109070,39109070,"county"
"Greater Sierra Sacramento","Colusa","Overall","All",21905,4627,135,21123.0312713992,616.297648938598,39109070,39109070,"county"
"Greater Sierra Sacramento","El Dorado","Overall","All",187285,18918,706,10101.1826894839,376.965587206664,39109070,39109070,"county"
"Greater Sierra Sacramento","Nevada","Overall","All",100400,9876,399,9836.65338645418,397.410358565737,39109070,39109070,"county"
"Greater Sierra Sacramento","Placer","Overall","All",410706,36679,1173,8930.71929798932,285.605761785803,39109070,39109070,"county"
"Greater Sierra Sacramento","Plumas","Overall","All",18955,2418,95,12756.5286204168,501.187021893959,39109070,39109070,"county"
"Greater Sierra Sacramento","Sacramento","Overall","All",1581831,307288,8323,19426.0954552035,526.16240293685,39109070,39109070,"county"
"Greater Sierra Sacramento","Sierra","Overall","All",3152,404,21,12817.2588832487,666.243654822335,39109070,39109070,"county"
"Greater Sierra Sacramento","Sutter","Overall","All",98151,18794,519,19148.0473963587,528.777088363848,39109070,39109070,"county"
"Greater Sierra Sacramento","Yolo","Overall","All",220381,22470,567,10195.9787821999,257.281707588222,39109070,39109070,"county"
"Greater Sierra Sacramento","Yuba","Overall","All",83297,14416,368,17306.7457411431,441.79262158301,39109070,39109070,"county"
"Los Angeles","Los Angeles","Overall","All",9825708,886156,25109,9018.74959036031,255.543926198499,39109070,39109070,"county"
"Rural North","Del Norte","Overall","All",26382,2732,81,10355.5454476537,307.027518762793,39109070,39109070,"county"
"Rural North","Glenn","Overall","All",28039,2538,83,9051.67801990085,296.016263062163,39109070,39109070,"county"
"Rural North","Humboldt","Overall","All",134388,12785,421,9513.49822900854,313.27201833497,39109070,39109070,"county"
"Rural North","Lake","Overall","All",66446,6923,263,10418.9868464618,395.810131535382,39109070,39109070,"county"
"Rural North","Lassen","Overall","All",28232,2975,102,10537.6877302352,361.292150750921,39109070,39109070,"county"
"Rural North","Mendocino","Overall","All",89316,9088,339,10175.1086031618,379.551256213892,39109070,39109070,"county"
"Rural North","Modoc","Overall","All",8446,1011,36,11970.1633909543,426.237272081459,39109070,39109070,"county"
"Rural North","Shasta","Overall","All",178958,16214,586,9060.226421842,327.451133785581,39109070,39109070,"county"
"Rural North","Siskiyou","Overall","All",42961,4742,189,11037.9181117758,439.933893531342,39109070,39109070,"county"
"Rural North","Tehama","Overall","All",64677,12645,407,19550.9995825409,629.280888105509,39109070,39109070,"county"
"Rural North","Trinity","Overall","All",15870,1243,52,7832.38815374921,327.662255828607,39109070,39109070,"county"
"Southern California","Imperial","Overall","All",179639,78623,1959,43767.2220397575,1090.52043264547,39109070,39109070,"county"
"Southern California","Inyo","Overall","All",18731,5037,207,26891.2497997971,1105.11985478618,39109070,39109070,"county"
"Southern California","Mono","Overall","All",13273,1244,41,9372.4101559557,308.897762374746,39109070,39109070,"county"
"Southern California","Orange","Overall","All",3142277,277514,8110,8831.62114606701,258.093096184709,39109070,39109070,"county"
"Southern California","Riverside","Overall","All",2431254,216609,6391,8909.35295119309,262.868462118726,39109070,39109070,"county"
"Southern California","San Bernardino","Overall","All",2170593,487857,12044,22475.747410961,554.871410715873,39109070,39109070,"county"
"Southern California","San Diego","Overall","All",3297860,287256,8248,8710.37581947081,250.101581025271,39109070,39109070,"county"
"Southern California","San Luis Obispo","Overall","All",280251,35294,1250,12593.7106379638,446.028738523681,39109070,39109070,"county"
"Southern California","Santa Barbara","Overall","All",442614,40150,1153,9071.10936391528,260.497860438215,39109070,39109070,"county"
"Southern California","Ventura","Overall","All",825937,74380,2247,9005.52947742988,272.054648235882,39109070,39109070,"county"
"statewide","statewide","Overall","All",39109070,4549583,126926,11633.0636345993,324.543641666754,39109070,39109070,"statewide"
