"health_officer_region","county","adj_rate_100k","adj_sev_100k","adj_sev_joint_rate","inf_q_rank","sev_q_rank","rank_sum","priority_tier"
"Southern California","Imperial",45664.010651083,1168.1515037837,1380.40677123404,1,1,2,"Top Priority"
"Southern California","Inyo",25252.5384127141,774.026516005102,718.461376860781,1,1,2,"Top Priority"
"Central California","Kings",24395.3650756363,738.349576126293,900.485203162149,1,1,2,"Top Priority"
"Central California","Tulare",25628.5457393991,716.23125865311,762.220074495956,1,1,2,"Top Priority"
"Central California","Kern",25898.2590670008,709.716714580949,725.377648365903,1,1,2,"Top Priority"
"Central California","Merced",24146.0102801316,679.828015206095,751.973440887063,1,1,2,"Top Priority"
"Southern California","San Bernardino",23429.7319496087,652.520654057394,651.153141505825,2,2,4,"Second Priority"
"Greater Sierra Sacramento","Colusa",21892.3019708116,644.864817493639,792.880488980899,2,2,4,"Second Priority"
"Central California","Stanislaus",20911.0939760746,600.060211621377,595.361171211721,2,2,4,"Second Priority"
"Central California","San Joaquin",20054.849471005,556.138562499268,569.52125936573,2,2,4,"Second Priority"
"Rural North","Tehama",19900.2642134907,553.30943143557,538.715540451441,2,2,4,"Second Priority"
"Greater Sierra Sacramento","Sacramento",19693.0001427614,547.592214731719,543.381655733036,2,2,4,"Second Priority"
"Greater Sierra Sacramento","Sutter",19634.0037364313,538.876825625156,549.356604678499,2,2,4,"Second Priority"
"Greater Sierra Sacramento","Yuba",18377.4687903211,523.75937332033,535.38231775673,2,2,4,"Second Priority"
"Bay Area","Solano",18795.2616102503,517.960223335395,521.170690427362,2,2,4,"Second Priority"
"Southern California","San Luis Obispo",11645.3607729649,353.176601994543,331.632894896185,3,3,6,"Third Priority"
"Rural North","Lassen",10072.9587642484,348.386409081571,311.356688381143,3,3,6,"Third Priority"
"Greater Sierra Sacramento","Butte",9864.73660347056,329.872909328599,297.370338138328,4,3,7,"Third Priority"
"Greater Sierra Sacramento","Sierra",11677.385801187,319.691861441855,259.238123145396,3,3,6,"Third Priority"
"Bay Area","Monterey",10417.1397762595,317.14338957631,313.159044001378,3,3,6,"Third Priority"
"Rural North","Lake",10294.5835542675,311.433211413331,279.925581471703,3,3,6,"Third Priority"
"Central California","Madera",11181.9961581875,307.3921058767,306.187354935008,3,3,6,"Third Priority"
"Rural North","Siskiyou",10466.54691658,292.330263283797,278.598326483636,3,3,6,"Third Priority"
"Greater Sierra Sacramento","Yolo",10052.1895701827,290.110764340728,285.129397572034,3,3,6,"Third Priority"
"Rural North","Glenn",9375.82816920052,289.504386232752,315.29709612653,4,3,7,"Third Priority"
"Rural North","Modoc",11248.2409722501,287.453558096803,214.09207649612,3,3,6,"Third Priority"
"Central California","Mariposa",10210.3072524952,284.244729836184,191.969268143126,3,3,6,"Third Priority"
"Rural North","Mendocino",9849.16319916601,284.188713284733,284.978872664568,4,3,7,"Third Priority"
"Bay Area","Santa Cruz",9594.9883686876,283.403166305923,287.773810477672,4,3,7,"Third Priority"
"Greater Sierra Sacramento","Plumas",11885.3995412808,282.76995063313,443.579875893327,3,4,7,"Third Priority"
"Bay Area","San Benito",8516.54716000744,282.448900692576,266.887322268683,4,4,8,"Third Priority"
"Central California","Calaveras",9451.04615711802,278.057826853306,211.351862820725,4,4,8,"Third Priority"
"Rural North","Humboldt",9136.81896849998,278.003748895642,240.27123868143,4,4,8,"Third Priority"
"Greater Sierra Sacramento","El Dorado",9930.55114034106,276.704519001889,254.329542844676,3,4,7,"Third Priority"
"Rural North","Shasta",8927.35153688454,274.017295888085,243.947349143617,4,4,8,"Third Priority"
"Bay Area","Sonoma",9193.60693368062,269.803520977035,263.005985440637,4,4,8,"Third Priority"
"Southern California","Riverside",9069.38239161096,267.393998012312,264.165280396422,4,4,8,"Third Priority"
"Bay Area","Santa Clara",8986.25525679918,265.654605091156,287.598142184385,4,4,8,"Third Priority"
"Central California","Fresno",9018.99925746807,264.477425402178,268.956680747442,4,4,8,"Third Priority"
"Southern California","Mono",9078.98371263047,264.249614847016,214.937991250921,4,4,8,"Third Priority"
"Bay Area","Marin",9246.12654530779,262.94477946083,247.625236855527,4,4,8,"Third Priority"
"Rural North","Del Norte",10247.0917834363,262.31313583765,256.589794894088,3,4,7,"Third Priority"
"Southern California","Ventura",9002.87630113729,257.298478702163,254.499073735041,4,4,8,"Third Priority"
"Southern California","San Diego",8707.62025761423,256.853384406783,254.676097945594,4,4,8,"Third Priority"
"Southern California","Santa Barbara",9026.28093414021,256.610717535302,251.097480761935,4,4,8,"Third Priority"
"Bay Area","Contra Costa",8987.64980698867,256.553036259079,257.880843061354,4,4,8,"Third Priority"
"Bay Area","San Francisco",9345.15582290883,254.357415984643,259.857901562676,4,4,8,"Third Priority"
"Los Angeles","Los Angeles",8897.77562358722,254.200406520663,251.241231215606,4,4,8,"Third Priority"
"Bay Area","San Mateo",8816.09183570866,252.07124306274,270.95525013743,4,4,8,"Third Priority"
"Greater Sierra Sacramento","Nevada",9201.18781059713,251.261990183469,285.209315464071,4,4,8,"Third Priority"
"Southern California","Orange",8809.12905101451,250.997363781652,253.962469964444,4,4,8,"Third Priority"
"Bay Area","Alameda",8871.04192047036,250.627709229236,265.828615720644,4,4,8,"Third Priority"
"Central California","Tuolumne",9285.82521258665,248.662718486934,184.657283486522,4,4,8,"Third Priority"
"Greater Sierra Sacramento","Placer",8816.76273338735,238.686257359644,213.838203924775,4,4,8,"Third Priority"
"Bay Area","Napa",9114.89725678599,236.396223866657,244.273196124566,4,4,8,"Third Priority"
"Greater Sierra Sacramento","Amador",8013.00369129894,221.809170960006,269.742815064351,4,4,8,"Third Priority"
"Rural North","Trinity",7051.52234106993,202.844625633501,182.896593269881,4,4,8,"Third Priority"
"Greater Sierra Sacramento","Alpine",10124.5909023742,183.913016904343,92.1092546366877,3,4,7,"Third Priority"
